mean_fit_time,std_fit_time,mean_score_time,std_score_time,param_learning_rate,param_n_estimators,params,split0_test_precision,split1_test_precision,split2_test_precision,split3_test_precision,split4_test_precision,mean_test_precision,std_test_precision,rank_test_precision,split0_train_precision,split1_train_precision,split2_train_precision,split3_train_precision,split4_train_precision,mean_train_precision,std_train_precision,split0_test_accuracy,split1_test_accuracy,split2_test_accuracy,split3_test_accuracy,split4_test_accuracy,mean_test_accuracy,std_test_accuracy,rank_test_accuracy,split0_train_accuracy,split1_train_accuracy,split2_train_accuracy,split3_train_accuracy,split4_train_accuracy,mean_train_accuracy,std_train_accuracy,split0_test_recall,split1_test_recall,split2_test_recall,split3_test_recall,split4_test_recall,mean_test_recall,std_test_recall,rank_test_recall,split0_train_recall,split1_train_recall,split2_train_recall,split3_train_recall,split4_train_recall,mean_train_recall,std_train_recall,split0_test_f1,split1_test_f1,split2_test_f1,split3_test_f1,split4_test_f1,mean_test_f1,std_test_f1,rank_test_f1,split0_train_f1,split1_train_f1,split2_train_f1,split3_train_f1,split4_train_f1,mean_train_f1,std_train_f1
49.98785610198975,0.20808545810416526,1.6499847888946533,0.05376639542675513,0.1,100,"{'learning_rate': 0.1, 'n_estimators': 100}",0.9966052710048856,0.9959595498436323,0.995942135308008,0.9958708967035992,0.9956895568682008,0.9960134819456652,0.00031095701053778234,2,0.9959409488318761,0.9960409369402261,0.9960266951047507,0.9960444398582877,0.995977909882361,0.9960061861235004,4.0365915898573025e-05,0.9922696814285179,0.9950960206640961,0.9915771347284094,0.9909967243799719,0.9954141319606925,0.9930707386323375,0.0018312476612506175,2,0.9913477646442242,0.9955498778673105,0.991441352911999,0.9915770953145253,0.9953861199889567,0.9930604421454031,0.001967795702553963,0.9939378688749599,0.9980555873270045,0.9937550040032026,0.9931143340806149,0.9987189458754633,0.9955163480322492,0.002369302403826471,2,0.9934747051893537,0.9985302275573754,0.9935032626660643,0.9936519919020005,0.9983929817337497,0.9955106338097087,0.0024106003382053072,0.9952697827306982,0.9970064669454538,0.9948473675773468,0.9944907052126405,0.9972019506401253,0.9957632546212529,0.001124025684678665,2,0.9947062983311526,0.997284028890393,0.9947633785799564,0.9948467775182079,0.9971839835494374,0.9957568933738296,0.0012072996078241586
102.18004088401794,0.5942882492832742,2.9355099201202393,0.03842449663016208,0.1,200,"{'learning_rate': 0.1, 'n_estimators': 200}",0.9980126096491229,0.9970783593161535,0.9968965359864908,0.9971241412366193,0.9968740017341304,0.9971971295845034,0.00041933507609437105,1,0.997750409665245,0.9970787093829344,0.9971298309282115,0.9971753185612956,0.9971583127910162,0.9972585162657406,0.00024811777124873166,0.997903642421293,0.99700520345899,0.9969116160670835,0.9971361722040243,0.9969677117454375,0.9971848691793657,0.0003669089135680552,1,0.997646255065465,0.9971174813525376,0.9971361990060926,0.9971596093643983,0.9971642887558901,0.9972447667088767,0.00020144968738504987,0.9994281008372604,0.9992679858172252,0.9993366121468603,0.9993823489042412,0.9994281008372604,0.9993686297085695,6.0689642853033936e-05,1,0.9993766370426289,0.9994052282722453,0.9993766334776417,0.9993594802639857,0.9993823559688433,0.9993800670050689,1.4735646456423594e-05,0.9987198536975656,0.9981719717569636,0.9981150827650022,0.998251967964171,0.9981494174091843,0.9982816587185773,0.00022367964693964507,1,0.9985628612489679,0.9982406132719452,0.998251967964171,0.9982662047020986,0.9982690956453188,0.9983181485665004,0.00012278456345346818
50.853471517562866,0.20767258112756695,1.6417306423187257,0.08556552937809564,0.001,100,"{'learning_rate': 0.001, 'n_estimators': 100}",0.9761834687917412,0.9757870894677236,0.9753460598932416,0.9765226267437904,0.9761548913043478,0.9759988272401688,0.00040093702951555496,3,0.975963580152542,0.9760626854179405,0.9761516418045691,0.9759058647740008,0.975970739109264,0.9760109022516634,8.645744484793201e-05,0.9691723131059784,0.9681241343166249,0.9684984838842511,0.9681984089845578,0.9689284043051006,0.9685843489193026,0.00040796958497000234,3,0.9684560743465199,0.9687181214962892,0.9686245332285145,0.9686948709189857,0.9685170540422924,0.9686021308065204,0.00010112070253286037,0.986388799926797,0.9854969690037745,0.9864348621754546,0.9848103582376355,0.9861142883286819,0.9858490555344688,0.0006176890584013891,3,0.9857255601688227,0.9859485179317957,0.9857369164517291,0.9860858525203308,0.9857941872833956,0.9858582068712147,0.0001388406643341336,0.9812596006144393,0.9806179935127752,0.9808591217714696,0.9806489823346508,0.9811093156109884,0.9808990027688645,0.0002519242788144277,3,0.9808202808245486,0.9809806961890266,0.980920863555008,0.9809694487113843,0.980857867962535,0.9809098314485005,6.231734105596105e-05
104.16296920776367,0.8837700554209954,2.846844482421875,0.10000020862479297,0.001,200,"{'learning_rate': 0.001, 'n_estimators': 200}",0.9761834687917412,0.9757870894677236,0.9753460598932416,0.9765226267437904,0.9761548913043478,0.9759988272401688,0.00040093702951555496,3,0.975963580152542,0.9760626854179405,0.9761516418045691,0.9759058647740008,0.975970739109264,0.9760109022516634,8.645744484793201e-05,0.9691723131059784,0.9681241343166249,0.9684984838842511,0.9681984089845578,0.9689284043051006,0.9685843489193026,0.00040796958497000234,3,0.9684560743465199,0.9687181214962892,0.9686245332285145,0.9686948709189857,0.9685170540422924,0.9686021308065204,0.00010112070253286037,0.986388799926797,0.9854969690037745,0.9864348621754546,0.9848103582376355,0.9861142883286819,0.9858490555344688,0.0006176890584013891,3,0.9857255601688227,0.9859485179317957,0.9857369164517291,0.9860858525203308,0.9857941872833956,0.9858582068712147,0.0001388406643341336,0.9812596006144393,0.9806179935127752,0.9808591217714696,0.9806489823346508,0.9811093156109884,0.9808990027688645,0.0002519242788144277,3,0.9808202808245486,0.9809806961890266,0.980920863555008,0.9809694487113843,0.980857867962535,0.9809098314485005,6.231734105596105e-05
52.08730707168579,1.4363176129323327,1.5874844551086427,0.17666527540216145,0.0001,100,"{'learning_rate': 0.0001, 'n_estimators': 100}",0.9761834687917412,0.9757870894677236,0.9753460598932416,0.9765226267437904,0.9761548913043478,0.9759988272401688,0.00040093702951555496,3,0.975963580152542,0.9760626854179405,0.9761516418045691,0.9759058647740008,0.975970739109264,0.9760109022516634,8.645744484793201e-05,0.9691723131059784,0.9681241343166249,0.9684984838842511,0.9681984089845578,0.9689284043051006,0.9685843489193026,0.00040796958497000234,3,0.9684560743465199,0.9687181214962892,0.9686245332285145,0.9686948709189857,0.9685170540422924,0.9686021308065204,0.00010112070253286037,0.986388799926797,0.9854969690037745,0.9864348621754546,0.9848103582376355,0.9861142883286819,0.9858490555344688,0.0006176890584013891,3,0.9857255601688227,0.9859485179317957,0.9857369164517291,0.9860858525203308,0.9857941872833956,0.9858582068712147,0.0001388406643341336,0.9812596006144393,0.9806179935127752,0.9808591217714696,0.9806489823346508,0.9811093156109884,0.9808990027688645,0.0002519242788144277,3,0.9808202808245486,0.9809806961890266,0.980920863555008,0.9809694487113843,0.980857867962535,0.9809098314485005,6.231734105596105e-05
88.13568487167359,0.8504950945516385,2.049981641769409,0.34747627921728447,0.0001,200,"{'learning_rate': 0.0001, 'n_estimators': 200}",0.9761834687917412,0.9757870894677236,0.9753460598932416,0.9765226267437904,0.9761548913043478,0.9759988272401688,0.00040093702951555496,3,0.975963580152542,0.9760626854179405,0.9761516418045691,0.9759058647740008,0.975970739109264,0.9760109022516634,8.645744484793201e-05,0.9691723131059784,0.9681241343166249,0.9684984838842511,0.9681984089845578,0.9689284043051006,0.9685843489193026,0.00040796958497000234,3,0.9684560743465199,0.9687181214962892,0.9686245332285145,0.9686948709189857,0.9685170540422924,0.9686021308065204,0.00010112070253286037,0.986388799926797,0.9854969690037745,0.9864348621754546,0.9848103582376355,0.9861142883286819,0.9858490555344688,0.0006176890584013891,3,0.9857255601688227,0.9859485179317957,0.9857369164517291,0.9860858525203308,0.9857941872833956,0.9858582068712147,0.0001388406643341336,0.9812596006144393,0.9806179935127752,0.9808591217714696,0.9806489823346508,0.9811093156109884,0.9808990027688645,0.0002519242788144277,3,0.9808202808245486,0.9809806961890266,0.980920863555008,0.9809694487113843,0.980857867962535,0.9809098314485005,6.231734105596105e-05
51.069775676727296,0.3585896451780919,1.4993479251861572,0.10746995882467505,0.1,100,"{'learning_rate': 0.1, 'n_estimators': 100}",0.9954393085991836,0.9959834774869349,0.9965582121059153,0.9964163433006163,0.9961921365325503,0.99611789560504,0.00039166565288459055,2,0.9959781852202585,0.996199974894729,0.9962046289766832,0.9961032662958208,0.9963417640953893,0.9961655638965763,0.00012062210969625377,0.9951147381424774,0.9953580653614346,0.9918953318608917,0.995919513336453,0.9915395414131961,0.9939654380228905,0.0018573651166579614,2,0.9954422513593696,0.9956621837886402,0.9917735912625993,0.9955592574741581,0.9918906145444847,0.9940655796858504,0.0018253288575745502,0.9986045660429154,0.9983529680887567,0.9935262495710855,0.9986045660429154,0.9934574735782586,0.9965091646647863,0.0024654259624249902,2,0.9984616088483227,0.9985073517216926,0.993732021022893,0.9984787656269659,0.9937377757952167,0.9965835046030183,0.002325923846407378,0.9970194251259037,0.9971668151803871,0.9950399211885862,0.9975092546044514,0.9948229257341824,0.9963116683667022,0.0011401845474242353,2,0.9972183508876145,0.9973523287796435,0.9949667888227212,0.997289601380047,0.9950380663060937,0.996373027235224,0.0011201195391791084
102.83458337783813,0.45337953256354485,2.73555006980896,0.12906526177581482,0.1,200,"{'learning_rate': 0.1, 'n_estimators': 200}",0.9975114723408142,0.9975336834893811,0.9976477573764502,0.9976255165643051,0.9975340776765532,0.9975705014895008,5.506692328645175e-05,1,0.9975340495245054,0.9975569800163249,0.9974088236972776,0.9973461327732627,0.9980468303826385,0.9975785632788018,0.0002468022923384381,0.9975480103320481,0.997360835548235,0.9975105753752854,0.9976977070659804,0.9975105287786616,0.9975255314200421,0.00010744603040848453,1,0.9974918344236366,0.9975667050378565,0.9974029255692506,0.9973233880666158,0.9979317089605668,0.9975433124115852,0.00021077203822083952,0.9994967287367891,0.9992451103740135,0.9993137367036486,0.9995653566363178,0.9994281008372604,0.9994098066576059,0.00011699591669672131,1,0.999405231673701,0.9994738557792939,0.9994223851490075,0.9993880748950577,0.9994281073785586,0.9994235309751238,2.8798751177328494e-05,0.9985031137519282,0.9983886635049426,0.998480052112499,0.9985944945322408,0.9984801910616952,0.9984893029926611,6.565502209066358e-05,1,0.9984687639268207,0.9985144979288673,0.9984145892072089,0.9983660597473676,0.9987369912960985,0.9985001804212728,0.00012851893920882092
51.04820699691773,0.2687581817481642,1.5530850410461425,0.06405514716519126,0.001,100,"{'learning_rate': 0.001, 'n_estimators': 100}",0.9772129512062397,0.9756461569771386,0.9763005256479971,0.9765945394811374,0.9763167437222373,0.97641418340695,0.0005065245277169449,3,0.9761767270174485,0.9766336341951238,0.97646958885491,0.9763961015058246,0.9764599955830638,0.976427209431274,0.00014777772030247061,0.9696776850222738,0.9691910305843596,0.9687230936248269,0.9692091717360786,0.9685540477304633,0.9690710057396004,0.00039745288545552006,3,0.9689286950987824,0.969059718673667,0.9691767040083855,0.9690551840638644,0.9692142833745899,0.9690869170438579,0.00010105918905967538,0.9859312805966052,0.9869838728125357,0.9857028479926798,0.985999908496134,0.9854737612664135,0.9860183342328737,0.0005169668994681769,3,0.9860915714465452,0.9857712302052535,0.9860914919048136,0.9860172254057579,0.9861487607086893,0.9860240559342118,0.0001331350747597353,0.9815527568380058,0.9812822670517866,0.9809791578923405,0.9812746872474358,0.9808738814636034,0.9811925500986345,0.00024150795872774088,3,0.9811091006338692,0.9811811583890707,0.9812569535933894,0.9811830787135178,0.9812804629948413,0.9812021508649377,6.0990007772560526e-05
104.24828672409058,1.5272453582257723,2.766268014907837,0.21469357740488437,0.001,200,"{'learning_rate': 0.001, 'n_estimators': 200}",0.9772129512062397,0.9756461569771386,0.9763005256479971,0.9765945394811374,0.9763167437222373,0.97641418340695,0.0005065245277169449,3,0.9761767270174485,0.9766336341951238,0.97646958885491,0.9763961015058246,0.9764599955830638,0.976427209431274,0.00014777772030247061,0.9696776850222738,0.9691910305843596,0.9687230936248269,0.9692091717360786,0.9685540477304633,0.9690710057396004,0.00039745288545552006,3,0.9689286950987824,0.969059718673667,0.9691767040083855,0.9690551840638644,0.9692142833745899,0.9690869170438579,0.00010105918905967538,0.9859312805966052,0.9869838728125357,0.9857028479926798,0.985999908496134,0.9854737612664135,0.9860183342328737,0.0005169668994681769,3,0.9860915714465452,0.9857712302052535,0.9860914919048136,0.9860172254057579,0.9861487607086893,0.9860240559342118,0.0001331350747597353,0.9815527568380058,0.9812822670517866,0.9809791578923405,0.9812746872474358,0.9808738814636034,0.9811925500986345,0.00024150795872774088,3,0.9811091006338692,0.9811811583890707,0.9812569535933894,0.9811830787135178,0.9812804629948413,0.9812021508649377,6.0990007772560526e-05
51.85401835441589,0.8129930420352993,1.6389505863189697,0.16879759914048112,0.0001,100,"{'learning_rate': 0.0001, 'n_estimators': 100}",0.9772129512062397,0.9756461569771386,0.9763005256479971,0.9765945394811374,0.9763167437222373,0.97641418340695,0.0005065245277169449,3,0.9761767270174485,0.9766336341951238,0.97646958885491,0.9763961015058246,0.9764599955830638,0.976427209431274,0.00014777772030247061,0.9696776850222738,0.9691910305843596,0.9687230936248269,0.9692091717360786,0.9685540477304633,0.9690710057396004,0.00039745288545552006,3,0.9689286950987824,0.969059718673667,0.9691767040083855,0.9690551840638644,0.9692142833745899,0.9690869170438579,0.00010105918905967538,0.9859312805966052,0.9869838728125357,0.9857028479926798,0.985999908496134,0.9854737612664135,0.9860183342328737,0.0005169668994681769,3,0.9860915714465452,0.9857712302052535,0.9860914919048136,0.9860172254057579,0.9861487607086893,0.9860240559342118,0.0001331350747597353,0.9815527568380058,0.9812822670517866,0.9809791578923405,0.9812746872474358,0.9808738814636034,0.9811925500986345,0.00024150795872774088,3,0.9811091006338692,0.9811811583890707,0.9812569535933894,0.9811830787135178,0.9812804629948413,0.9812021508649377,6.0990007772560526e-05
90.62702140808105,0.66632089900486,2.115099811553955,0.15233965328411522,0.0001,200,"{'learning_rate': 0.0001, 'n_estimators': 200}",0.9772129512062397,0.9756461569771386,0.9763005256479971,0.9765945394811374,0.9763167437222373,0.97641418340695,0.0005065245277169449,3,0.9761767270174485,0.9766336341951238,0.97646958885491,0.9763961015058246,0.9764599955830638,0.976427209431274,0.00014777772030247061,0.9696776850222738,0.9691910305843596,0.9687230936248269,0.9692091717360786,0.9685540477304633,0.9690710057396004,0.00039745288545552006,3,0.9689286950987824,0.969059718673667,0.9691767040083855,0.9690551840638644,0.9692142833745899,0.9690869170438579,0.00010105918905967538,0.9859312805966052,0.9869838728125357,0.9857028479926798,0.985999908496134,0.9854737612664135,0.9860183342328737,0.0005169668994681769,3,0.9860915714465452,0.9857712302052535,0.9860914919048136,0.9860172254057579,0.9861487607086893,0.9860240559342118,0.0001331350747597353,0.9815527568380058,0.9812822670517866,0.9809791578923405,0.9812746872474358,0.9808738814636034,0.9811925500986345,0.00024150795872774088,3,0.9811091006338692,0.9811811583890707,0.9812569535933894,0.9811830787135178,0.9812804629948413,0.9812021508649377,6.0990007772560526e-05
50.935057163238525,0.2874853117995258,1.468498134613037,0.07801558501630844,0.1,100,"{'learning_rate': 0.1, 'n_estimators': 100}",0.9954389965792474,0.996441199430592,0.9960328380113741,0.9958934112064245,0.9960332928255337,0.9959679476106343,0.00032180519432397107,2,0.9959323851740289,0.9959756013666904,0.9959349127353623,0.9959720209500553,0.9961118279569893,0.9959853496366252,6.57549442728585e-05,0.9950585857073335,0.9911840676824019,0.9915209822932655,0.9954702854468882,0.9916331305568554,0.9929734103373489,0.0018809564527803406,2,0.9953346248514287,0.9914600705655539,0.9912822528567818,0.9953393260740373,0.99139459904634,0.9929621746788284,0.0019398513363704246,0.9985359381433866,0.9927713599450989,0.9935948759007206,0.9985816900764057,0.9937319851763737,0.9954431698483971,0.002565090119518579,2,0.9983758249551065,0.9935776091320336,0.9934003214054914,0.9983415113978199,0.9933603266650654,0.9954111187111033,0.002407799643179736,0.9969850623543922,0.9946028944986193,0.9948123632948936,0.9972357389258218,0.9948813081864716,0.9957034734520397,0.0011551289681732964,2,0.9971526082051722,0.9947751601091347,0.9946660024222018,0.9971553585504896,0.9947341746054926,0.995696660778498,0.0011904101699430469
102.57844157218933,0.39520466723721887,2.538437843322754,0.11677134676374794,0.1,200,"{'learning_rate': 0.1, 'n_estimators': 200}",0.9976251370113263,0.9977613815473879,0.9976248658277571,0.9975343028697975,0.9974883551009225,0.9976068084714382,9.364091259276235e-05,1,0.9977389516957862,0.9974599731727504,0.9975111740294434,0.9975282425404871,0.9974883694380227,0.9975453421752981,9.947689733208766e-05,0.9975667278104294,0.9974918578969041,0.9974544229401415,0.9975854000935891,0.9974169396350023,0.9975030696752132,6.440690739644251e-05,1,0.9976134991717438,0.9974169638094168,0.9974450402897492,0.997449731636898,0.9974122965049625,0.9974675062825542,7.448119720762867e-05,0.9994052248707508,0.9991764840443783,0.9992679858172252,0.9995196047032987,0.9993594729377316,0.999345754474677,0.00011717445872282206,1,0.9993480424115568,0.9993880713954831,0.9993709145187211,0.9993594802639857,0.9993537613377712,0.9993640539855037,1.4192469300810517e-05,0.9985143875848513,0.9984684313994422,0.9984457498114329,0.9985259669770896,0.9984230373671581,0.9984755146279948,3.9361213499011233e-05,1,0.998542848816279,0.9984230914264167,0.9984401782653411,0.998443021737702,0.9984201940904404,0.9984538668672357,4.539551864816569e-05
50.7849609375,0.31977126474693496,1.5003063201904296,0.09310240395863258,0.001,100,"{'learning_rate': 0.001, 'n_estimators': 100}",0.9757545545182634,0.9761780638727079,0.9772016498209672,0.9761311653607501,0.9762853907134768,0.9763101648572331,0.00048032354457940783,3,0.9764545289772985,0.9763486534703933,0.9760873135892252,0.9763604228272322,0.9763218416848879,0.9763145521098074,0.0001221073561131672,0.96776850222738,0.9682177217085314,0.9700333171115187,0.9688535329901732,0.9689658399625644,0.9687677828000336,0.000768021574638689,3,0.9690222833665572,0.9689099774452274,0.9684513949331311,0.9687510236168888,0.9687229472679373,0.9687715253259483,0.00019355216375056364,0.9850848698357506,0.9851995882420221,0.9863891112890312,0.9860456604291531,0.9860227844626436,0.98574840285172,0.0005129577324683551,3,0.9859142847338984,0.9858856093836678,0.9855882235197905,0.985674089832893,0.9856798087591074,0.9857484032458714,0.00012823995003845612,0.9803975138310225,0.9806680784206572,0.9817738869093019,0.9810633648943919,0.9811299280706546,0.9810065544252057,0.00046749204869557715,3,0.9811616061011355,0.9810939554154264,0.9808147608532338,0.9809951506044668,0.9809785083325744,0.9810087962613674,0.00011777625468859985
102.1212146282196,0.617673566650233,2.632506513595581,0.0901877981431464,0.001,200,"{'learning_rate': 0.001, 'n_estimators': 200}",0.9757545545182634,0.9761780638727079,0.9772016498209672,0.9761311653607501,0.9762853907134768,0.9763101648572331,0.00048032354457940783,3,0.9764545289772985,0.9763486534703933,0.9760873135892252,0.9763604228272322,0.9763218416848879,0.9763145521098074,0.0001221073561131672,0.96776850222738,0.9682177217085314,0.9700333171115187,0.9688535329901732,0.9689658399625644,0.9687677828000336,0.000768021574638689,3,0.9690222833665572,0.9689099774452274,0.9684513949331311,0.9687510236168888,0.9687229472679373,0.9687715253259483,0.00019355216375056364,0.9850848698357506,0.9851995882420221,0.9863891112890312,0.9860456604291531,0.9860227844626436,0.98574840285172,0.0005129577324683551,3,0.9859142847338984,0.9858856093836678,0.9855882235197905,0.985674089832893,0.9856798087591074,0.9857484032458714,0.00012823995003845612,0.9803975138310225,0.9806680784206572,0.9817738869093019,0.9810633648943919,0.9811299280706546,0.9810065544252057,0.00046749204869557715,3,0.9811616061011355,0.9810939554154264,0.9808147608532338,0.9809951506044668,0.9809785083325744,0.9810087962613674,0.00011777625468859985
50.64015970230103,0.3151866304073874,1.526415729522705,0.1694539682833203,0.0001,100,"{'learning_rate': 0.0001, 'n_estimators': 100}",0.9757545545182634,0.9761780638727079,0.9772016498209672,0.9761311653607501,0.9762853907134768,0.9763101648572331,0.00048032354457940783,3,0.9764545289772985,0.9763486534703933,0.9760873135892252,0.9763604228272322,0.9763218416848879,0.9763145521098074,0.0001221073561131672,0.96776850222738,0.9682177217085314,0.9700333171115187,0.9688535329901732,0.9689658399625644,0.9687677828000336,0.000768021574638689,3,0.9690222833665572,0.9689099774452274,0.9684513949331311,0.9687510236168888,0.9687229472679373,0.9687715253259483,0.00019355216375056364,0.9850848698357506,0.9851995882420221,0.9863891112890312,0.9860456604291531,0.9860227844626436,0.98574840285172,0.0005129577324683551,3,0.9859142847338984,0.9858856093836678,0.9855882235197905,0.985674089832893,0.9856798087591074,0.9857484032458714,0.00012823995003845612,0.9803975138310225,0.9806680784206572,0.9817738869093019,0.9810633648943919,0.9811299280706546,0.9810065544252057,0.00046749204869557715,3,0.9811616061011355,0.9810939554154264,0.9808147608532338,0.9809951506044668,0.9809785083325744,0.9810087962613674,0.00011777625468859985
90.00885686874389,0.5774960684952436,1.9588890552520752,0.1331134667344414,0.0001,200,"{'learning_rate': 0.0001, 'n_estimators': 200}",0.9757545545182634,0.9761780638727079,0.9772016498209672,0.9761311653607501,0.9762853907134768,0.9763101648572331,0.00048032354457940783,3,0.9764545289772985,0.9763486534703933,0.9760873135892252,0.9763604228272322,0.9763218416848879,0.9763145521098074,0.0001221073561131672,0.96776850222738,0.9682177217085314,0.9700333171115187,0.9688535329901732,0.9689658399625644,0.9687677828000336,0.000768021574638689,3,0.9690222833665572,0.9689099774452274,0.9684513949331311,0.9687510236168888,0.9687229472679373,0.9687715253259483,0.00019355216375056364,0.9850848698357506,0.9851995882420221,0.9863891112890312,0.9860456604291531,0.9860227844626436,0.98574840285172,0.0005129577324683551,3,0.9859142847338984,0.9858856093836678,0.9855882235197905,0.985674089832893,0.9856798087591074,0.9857484032458714,0.00012823995003845612,0.9803975138310225,0.9806680784206572,0.9817738869093019,0.9810633648943919,0.9811299280706546,0.9810065544252057,0.00046749204869557715,3,0.9811616061011355,0.9810939554154264,0.9808147608532338,0.9809951506044668,0.9809785083325744,0.9810087962613674,0.00011777625468859985
50.07490620613098,0.13604551878498067,1.455941390991211,0.07095743056489814,0.1,100,"{'learning_rate': 0.1, 'n_estimators': 100}",0.995779916967015,0.9962612106337592,0.9958727902230986,0.9957556534240011,0.9963292649353033,0.9959997672366354,0.00024534475330229114,2,0.9960801095515235,0.9960446439319679,0.9960332018710447,0.9959327100244721,0.9960790608089517,0.9960339452375919,5.3907590727970274e-05,0.9953955003181971,0.9916894395986973,0.9913525249878337,0.995077211043519,0.9916518483855873,0.9930333048667668,0.0018053773389331564,2,0.995451610186147,0.9916238500341598,0.9916098117939935,0.9954001581634324,0.9916800419273478,0.9931530944210161,0.0018559452306434597,0.9986045660429154,0.9935720004575088,0.9935491250142972,0.998238550578762,0.9934574735782586,0.9954843431343484,0.0024013235321068025,2,0.998370106028892,0.9937091451872101,0.9937034262282894,0.9984558899221082,0.9937434947214311,0.9955964124175862,0.0022999333098466324,0.9971902412280701,0.9949147883452446,0.9947096005862953,0.9969955561648218,0.9948912968775057,0.9957402966403877,0.0011083875386955135,2,0.9972237931211764,0.9948755238989534,0.9948669500866006,0.997192703885949,0.9949099070728816,0.9958137756131122,0.001138715570234348
101.8337737083435,0.42471660404633604,2.521074819564819,0.11871459144205793,0.1,200,"{'learning_rate': 0.1, 'n_estimators': 200}",0.996964856230032,0.997510790381146,0.9972151840945924,0.9972379474068663,0.9977393647386569,0.9973336285702586,0.00026652773339507695,1,0.9974314921888824,0.9973234412897702,0.9974371853559972,0.9974371999840181,0.9972720476193194,0.9973802732875976,6.934793348760813e-05,0.99700520345899,0.997304683113091,0.9971923782428032,0.9972297613476837,0.9977725783809078,0.9973009209086952,0.0002556438650851438,1,0.9973842079156957,0.9973327343684196,0.9973935667424731,0.9973935789389947,0.9972344796282692,0.9973477135187704,6.096603120838035e-05,0.9993823489042412,0.9991993594875901,0.9993594875900721,0.9993823489042412,0.9995424806698083,0.9993732051111905,0.00010884108036833801,1,0.9993766370426289,0.9994223851490075,0.9993823524365625,0.9993823559688433,0.9993537613377712,0.9993834983869625,2.211862891090714e-05,0.9981721388260562,0.9983543609434997,0.998286184360861,0.9983089965951417,0.9986401087912968,0.9983523579033712,0.0001559119253166673,1,0.9984031172066263,0.998371810033078,0.9984088214709118,0.9984088305618799,0.9983118192646845,0.9983808797074362,3.7170156110833236e-05
50.75887022018433,0.24891184383763465,1.5264454364776612,0.09215820431836795,0.001,100,"{'learning_rate': 0.001, 'n_estimators': 100}",0.9757179388535608,0.9760884839418871,0.9772114011020159,0.9757659410779744,0.9759311672138571,0.9761429864378591,0.0005499411700605033,3,0.9762708408843784,0.9761454594857745,0.975897749399991,0.9762588420522056,0.9762174405436014,0.9761580664731901,0.00013734844747040044,0.9687230936248269,0.9681054168382436,0.9696028151087486,0.9688909686476369,0.9686476368741226,0.9687939862187157,0.0004825311279339685,3,0.9688257480042302,0.9689708098192811,0.9686058155749595,0.9687837793573324,0.9688446114467275,0.9688061528405061,0.00011799198973589664,0.9863201720272682,0.9851538373555988,0.9858401006519502,0.9864803037928352,0.985999908496134,0.9859588644647573,0.0004618008726319505,3,0.9858628143979686,0.9861772762886244,0.98598283168532,0.9858227819144677,0.9859428793649704,0.9859577167302703,0.0001235080282676482,0.9809904098836217,0.9806002094813061,0.9815067869181016,0.9810938708649952,0.9809397011800316,0.9810261956656113,0.00029181296476647826,3,0.9810433822566967,0.9811357254822751,0.9809143692695459,0.9810175028241834,0.981056057907346,0.9810334075480094,7.142067661876757e-05
102.34632201194763,1.5000874286831705,2.7973025321960447,0.2928555683555671,0.001,200,"{'learning_rate': 0.001, 'n_estimators': 200}",0.9757179388535608,0.9760884839418871,0.9772114011020159,0.9757659410779744,0.9759311672138571,0.9761429864378591,0.0005499411700605033,3,0.9762708408843784,0.9761454594857745,0.975897749399991,0.9762588420522056,0.9762174405436014,0.9761580664731901,0.00013734844747040044,0.9687230936248269,0.9681054168382436,0.9696028151087486,0.9688909686476369,0.9686476368741226,0.9687939862187157,0.0004825311279339685,3,0.9688257480042302,0.9689708098192811,0.9686058155749595,0.9687837793573324,0.9688446114467275,0.9688061528405061,0.00011799198973589664,0.9863201720272682,0.9851538373555988,0.9858401006519502,0.9864803037928352,0.985999908496134,0.9859588644647573,0.0004618008726319505,3,0.9858628143979686,0.9861772762886244,0.98598283168532,0.9858227819144677,0.9859428793649704,0.9859577167302703,0.0001235080282676482,0.9809904098836217,0.9806002094813061,0.9815067869181016,0.9810938708649952,0.9809397011800316,0.9810261956656113,0.00029181296476647826,3,0.9810433822566967,0.9811357254822751,0.9809143692695459,0.9810175028241834,0.981056057907346,0.9810334075480094,7.142067661876757e-05
51.04951295852661,0.16819317379002863,1.5165509223937987,0.09711498129707599,0.0001,100,"{'learning_rate': 0.0001, 'n_estimators': 100}",0.9757179388535608,0.9760884839418871,0.9772114011020159,0.9757659410779744,0.9759311672138571,0.9761429864378591,0.0005499411700605033,3,0.9762708408843784,0.9761454594857745,0.975897749399991,0.9762588420522056,0.9762174405436014,0.9761580664731901,0.00013734844747040044,0.9687230936248269,0.9681054168382436,0.9696028151087486,0.9688909686476369,0.9686476368741226,0.9687939862187157,0.0004825311279339685,3,0.9688257480042302,0.9689708098192811,0.9686058155749595,0.9687837793573324,0.9688446114467275,0.9688061528405061,0.00011799198973589664,0.9863201720272682,0.9851538373555988,0.9858401006519502,0.9864803037928352,0.985999908496134,0.9859588644647573,0.0004618008726319505,3,0.9858628143979686,0.9861772762886244,0.98598283168532,0.9858227819144677,0.9859428793649704,0.9859577167302703,0.0001235080282676482,0.9809904098836217,0.9806002094813061,0.9815067869181016,0.9810938708649952,0.9809397011800316,0.9810261956656113,0.00029181296476647826,3,0.9810433822566967,0.9811357254822751,0.9809143692695459,0.9810175028241834,0.981056057907346,0.9810334075480094,7.142067661876757e-05
91.08394479751587,0.32208794111276373,2.0895784854888917,0.2504845702718842,0.0001,200,"{'learning_rate': 0.0001, 'n_estimators': 200}",0.9757179388535608,0.9760884839418871,0.9772114011020159,0.9757659410779744,0.9759311672138571,0.9761429864378591,0.0005499411700605033,3,0.9762708408843784,0.9761454594857745,0.975897749399991,0.9762588420522056,0.9762174405436014,0.9761580664731901,0.00013734844747040044,0.9687230936248269,0.9681054168382436,0.9696028151087486,0.9688909686476369,0.9686476368741226,0.9687939862187157,0.0004825311279339685,3,0.9688257480042302,0.9689708098192811,0.9686058155749595,0.9687837793573324,0.9688446114467275,0.9688061528405061,0.00011799198973589664,0.9863201720272682,0.9851538373555988,0.9858401006519502,0.9864803037928352,0.985999908496134,0.9859588644647573,0.0004618008726319505,3,0.9858628143979686,0.9861772762886244,0.98598283168532,0.9858227819144677,0.9859428793649704,0.9859577167302703,0.0001235080282676482,0.9809904098836217,0.9806002094813061,0.9815067869181016,0.9810938708649952,0.9809397011800316,0.9810261956656113,0.00029181296476647826,3,0.9810433822566967,0.9811357254822751,0.9809143692695459,0.9810175028241834,0.981056057907346,0.9810334075480094,7.142067661876757e-05
49.60582962036133,0.15149628048088593,1.4343616485595703,0.020729983232629163,0.1,100,"{'learning_rate': 0.1, 'n_estimators': 100}",0.9957793392954919,0.99586899463654,0.9956886719284639,0.9956890652798687,0.9962791334718196,0.9958610409224369,0.00021946593766817839,2,0.9957791467031714,0.9958249204339344,0.9960006846188955,0.9959551125893555,0.9957792670754313,0.9958678262841577,9.253966684824554e-05,0.9952831954479092,0.9950960206640961,0.9952270430127653,0.9953205428170332,0.995638745905475,0.9953131095694557,0.00017973545904148837,2,0.9952363571702652,0.9953439836782061,0.9954188542924259,0.9953533642485132,0.9952597764186745,0.995322467161617,6.641254295941278e-05,0.9984673102438578,0.9981470890998513,0.998490220748027,0.9986045660429154,0.998398682344329,0.9984215736957962,0.00015241801474614745,2,0.9984101385123929,0.9984959138038512,0.9984101294200404,0.9983758249551065,0.998438733143465,0.9984261479669712,4.017701001256764e-05,0.9971215132615996,0.9970067405460984,0.9970874784416297,0.9971446845447485,0.9973377817895134,0.9971396397167178,0.0001095420356273174,2,0.9970929070358503,0.9971586284885331,0.9972039515960895,0.997163999645857,0.9971072267928484,0.9971453427118357,4.040276663622145e-05
103.66525430679322,3.372275533045957,2.707895374298096,0.1594971502722894,0.1,200,"{'learning_rate': 0.1, 'n_estimators': 200}",0.9973742493778113,0.9972374429223745,0.9972835391604081,0.9968744296404454,0.9975340213718148,0.9972607364945707,0.00021811251060453659,1,0.9973461176269155,0.9971583452211127,0.9973231968677408,0.997260586691017,0.9973858596697508,0.9972948212153072,7.94005029293358e-05,0.997248530677947,0.9970613558941339,0.9972672481563284,0.9970800187178287,0.9974918109499298,0.9972297928792335,0.00015569893360471983,1,0.9973186961282534,0.9971783137265913,0.9972578637541998,0.9972017238878256,0.9973187086751238,0.9972550612343987,5.804016374565089e-05,0.9992679690716932,0.9991764840443783,0.9993823630332838,0.9995653566363178,0.9994052248707508,0.9993594795312848,0.000131805300019525,1,0.9993823559688433,0.9993995093133246,0.9993308818062759,0.9993251667066991,0.9993423234853424,0.9993560474560971,2.9517279224732524e-05,0.9983202111734524,0.9982060218248301,0.9983318479925047,0.998218079638133,0.9984687464289795,0.99830898141158,9.490801628849785e-05,1,0.9983631985328775,0.9982776693982126,0.9983260299486383,0.9982918092539377,0.9983631330718535,0.9983243680411039,3.536703127680988e-05
52.41828093528748,2.250512325288457,1.4998966217041017,0.05892113062727859,0.001,100,"{'learning_rate': 0.001, 'n_estimators': 100}",0.975372357281905,0.9761230546179462,0.9769080855692531,0.9763258648422102,0.9758438794684295,0.976114648355949,0.0005096150527249114,3,0.9763220786281417,0.9760857380640997,0.9759381298548362,0.9760835716105654,0.9761771284577706,0.9761213293230826,0.00012622856622011218,0.967955677011193,0.9685546363193951,0.9695840976303672,0.968872250818905,0.9686102012166589,0.9687153725993038,0.0005278879641330669,3,0.968919336272005,0.9687695950435653,0.9685122273071848,0.9686901915274938,0.9687557030083808,0.968729410631726,0.00013197314837190533,0.985725396898019,0.9856799725494682,0.9861374814137024,0.9858626526970764,0.9860456604291531,0.9858902327974839,0.00017744324979823573,3,0.9859257225863272,0.9859885506442407,0.9858227008355399,0.9858914090290407,0.9858742522503975,0.9859005270691092,5.516047724852085e-05,0.9805215491739863,0.9808782353342895,0.9815010871668773,0.9810710830345456,0.9809182454343744,0.9809780400288146,0.00031753915685045627,3,0.9811003995037503,0.9810121540422433,0.9808555130375408,0.9809629758189107,0.9810017271157168,0.9809865539036323,7.946577727956883e-05
108.40917730331421,1.4255635183866584,2.6393799781799316,0.12448708381295003,0.001,200,"{'learning_rate': 0.001, 'n_estimators': 200}",0.975372357281905,0.9761230546179462,0.9769080855692531,0.9763258648422102,0.9758438794684295,0.976114648355949,0.0005096150527249114,3,0.9763220786281417,0.9760857380640997,0.9759381298548362,0.9760835716105654,0.9761771284577706,0.9761213293230826,0.00012622856622011218,0.967955677011193,0.9685546363193951,0.9695840976303672,0.968872250818905,0.9686102012166589,0.9687153725993038,0.0005278879641330669,3,0.968919336272005,0.9687695950435653,0.9685122273071848,0.9686901915274938,0.9687557030083808,0.968729410631726,0.00013197314837190533,0.985725396898019,0.9856799725494682,0.9861374814137024,0.9858626526970764,0.9860456604291531,0.9858902327974839,0.00017744324979823573,3,0.9859257225863272,0.9859885506442407,0.9858227008355399,0.9858914090290407,0.9858742522503975,0.9859005270691092,5.516047724852085e-05,0.9805215491739863,0.9808782353342895,0.9815010871668773,0.9810710830345456,0.9809182454343744,0.9809780400288146,0.00031753915685045627,3,0.9811003995037503,0.9810121540422433,0.9808555130375408,0.9809629758189107,0.9810017271157168,0.9809865539036323,7.946577727956883e-05
53.11051287651062,1.481206463095844,1.5586090087890625,0.11629089555418554,0.0001,100,"{'learning_rate': 0.0001, 'n_estimators': 100}",0.975372357281905,0.9761230546179462,0.9769080855692531,0.9763258648422102,0.9758438794684295,0.976114648355949,0.0005096150527249114,3,0.9763220786281417,0.9760857380640997,0.9759381298548362,0.9760835716105654,0.9761771284577706,0.9761213293230826,0.00012622856622011218,0.967955677011193,0.9685546363193951,0.9695840976303672,0.968872250818905,0.9686102012166589,0.9687153725993038,0.0005278879641330669,3,0.968919336272005,0.9687695950435653,0.9685122273071848,0.9686901915274938,0.9687557030083808,0.968729410631726,0.00013197314837190533,0.985725396898019,0.9856799725494682,0.9861374814137024,0.9858626526970764,0.9860456604291531,0.9858902327974839,0.00017744324979823573,3,0.9859257225863272,0.9859885506442407,0.9858227008355399,0.9858914090290407,0.9858742522503975,0.9859005270691092,5.516047724852085e-05,0.9805215491739863,0.9808782353342895,0.9815010871668773,0.9810710830345456,0.9809182454343744,0.9809780400288146,0.00031753915685045627,3,0.9811003995037503,0.9810121540422433,0.9808555130375408,0.9809629758189107,0.9810017271157168,0.9809865539036323,7.946577727956883e-05
90.02073163986206,0.6427933515200129,2.0578569412231444,0.14336624536195725,0.0001,200,"{'learning_rate': 0.0001, 'n_estimators': 200}",0.975372357281905,0.9761230546179462,0.9769080855692531,0.9763258648422102,0.9758438794684295,0.976114648355949,0.0005096150527249114,3,0.9763220786281417,0.9760857380640997,0.9759381298548362,0.9760835716105654,0.9761771284577706,0.9761213293230826,0.00012622856622011218,0.967955677011193,0.9685546363193951,0.9695840976303672,0.968872250818905,0.9686102012166589,0.9687153725993038,0.0005278879641330669,3,0.968919336272005,0.9687695950435653,0.9685122273071848,0.9686901915274938,0.9687557030083808,0.968729410631726,0.00013197314837190533,0.985725396898019,0.9856799725494682,0.9861374814137024,0.9858626526970764,0.9860456604291531,0.9858902327974839,0.00017744324979823573,3,0.9859257225863272,0.9859885506442407,0.9858227008355399,0.9858914090290407,0.9858742522503975,0.9859005270691092,5.516047724852085e-05,0.9805215491739863,0.9808782353342895,0.9815010871668773,0.9810710830345456,0.9809182454343744,0.9809780400288146,0.00031753915685045627,3,0.9811003995037503,0.9810121540422433,0.9808555130375408,0.9809629758189107,0.9810017271157168,0.9809865539036323,7.946577727956883e-05
