mean_fit_time,std_fit_time,mean_score_time,std_score_time,param_var_smoothing,params,split0_test_accuracy,split1_test_accuracy,split2_test_accuracy,split3_test_accuracy,split4_test_accuracy,mean_test_accuracy,std_test_accuracy,rank_test_accuracy,split0_train_accuracy,split1_train_accuracy,split2_train_accuracy,split3_train_accuracy,split4_train_accuracy,mean_train_accuracy,std_train_accuracy,split0_test_precision,split1_test_precision,split2_test_precision,split3_test_precision,split4_test_precision,mean_test_precision,std_test_precision,rank_test_precision,split0_train_precision,split1_train_precision,split2_train_precision,split3_train_precision,split4_train_precision,mean_train_precision,std_train_precision,split0_test_recall,split1_test_recall,split2_test_recall,split3_test_recall,split4_test_recall,mean_test_recall,std_test_recall,rank_test_recall,split0_train_recall,split1_train_recall,split2_train_recall,split3_train_recall,split4_train_recall,mean_train_recall,std_train_recall,split0_test_f1,split1_test_f1,split2_test_f1,split3_test_f1,split4_test_f1,mean_test_f1,std_test_f1,rank_test_f1,split0_train_f1,split1_train_f1,split2_train_f1,split3_train_f1,split4_train_f1,mean_train_f1,std_train_f1
0.7533824920654297,0.06024467213849105,0.2915632724761963,0.015959588570274005,1e-08,{'var_smoothing': 1e-08},0.9873844195709954,0.9878523565305282,0.9878710740089095,0.9845390734674778,0.9844454843238184,0.9864184815803458,0.0015826529225979992,1,0.987945831110612,0.987997304657888,0.9881751223666602,0.9841696185827995,0.9845439699021539,0.9865663693240228,0.0018095905967753583,0.9984712667639497,0.9988185693106004,0.9986337532419415,0.9988600939840878,0.9987671264742143,0.9987101619549588,0.00014169398595720073,5,0.9987320445347646,0.9986801583809943,0.9987266381510786,0.9986796875454402,0.9986918984913229,0.9987020854207203,2.2744751047760724e-05,0.9860917305272789,0.9863204849593961,0.9865260557258544,0.9822253740220525,0.9822024980555428,0.9846732286580251,0.002012713146360357,1,0.9865204138238675,0.9866347930022819,0.9868064372233469,0.9819510688673094,0.9823971451120338,0.984861971605768,0.0022010450803942316,0.9922428873952676,0.9925301842708009,0.9925429814265,0.9904728950403691,0.9904155565551364,0.9916409009376148,0.0009831244460371722,1,0.9925886712546321,0.9926209346816071,0.9927307560646551,0.9902447323573259,0.9904775084111018,0.9917325205538644,0.0011231488784700068
0.8538238048553467,0.08132544282127223,0.29376921653747556,0.024476208786928938,1e-07,{'var_smoothing': 1e-07},0.9838842511136899,0.9840901433758844,0.9833414442406319,0.9838839494618624,0.9839213851193261,0.983824234662279,0.00025314030822420447,3,0.9839636503167963,0.9840385209310161,0.983790512021413,0.98373443517405,0.9838982138762675,0.9838850664639086,0.00011092959744069317,0.9984646163867306,0.998836262073781,0.9986260537469145,0.9988591650951084,0.9987663229440655,0.99871048404932,0.00014739303270637946,4,0.9987315699440261,0.9986794648051193,0.9987313041960076,0.9986789729742312,0.9987024548623031,0.9987047533563376,2.33816101307783e-05,0.9818140226466888,0.9816996454306303,0.9809900718305349,0.9814247151942169,0.9815619709932745,0.9814980852190691,0.00028565193249064307,2,0.9816478608234157,0.9817908347964337,0.9814363655080122,0.9814192087293689,0.9815964954420158,0.9815781530598493,0.00013841686776498298,0.9900693186929793,0.9901938163359483,0.9897295051698671,0.9900651935614145,0.990089414479377,0.9900294496479173,0.00015712800333824036,3,0.9901160292221745,0.9901631401817411,0.9900083071810966,0.9899738674450669,0.9900755939213373,0.9900673875902832,6.904842258048037e-05
0.9042832374572753,0.05310515367817356,0.28789281845092773,0.01825394551404159,1e-06,{'var_smoothing': 1e-06},0.9838842511136899,0.9840714258975031,0.9833040092838693,0.983809078146935,0.983940102948058,0.9838017734780111,0.000263238515862033,4,0.983968329730185,0.9839776885569625,0.9837624355410806,0.9836548855186872,0.9838982138762675,0.9838523106446366,0.00012517297662052637,0.9984646163867306,0.9988362349874313,0.9986259897531439,0.9988590588399655,0.9987895716945996,0.9987150943323743,0.00014941656034817865,2,0.9987373810839903,0.9986851674084417,0.9987428704458153,0.9986846470372548,0.9987024548623031,0.9987105041675612,2.5080982717041684e-05,0.9818140226466888,0.9816767699874185,0.9809443198975156,0.9813332113281786,0.9815619709932745,0.9814660589706152,0.0003048071931760439,3,0.9816478608234157,0.9817107693715436,0.9813906140982969,0.9813162680575095,0.9815964954420158,0.9815324015585564,0.00015236227788414093,0.9900693186929793,0.9901821663840146,0.9897061878274517,0.9900185781378014,0.9901008376214321,0.9900154177327357,0.00016348706743076288,4,0.9901188848702995,0.9901252227881249,0.9899907118421127,0.9899242806663301,0.9900755939213373,0.9900469388176409,7.788738582822341e-05
0.8028167724609375,0.10485390332744625,0.2874976634979248,0.012498366999277708,1e-05,{'var_smoothing': 1e-05},0.9838842511136899,0.9840527084191217,0.9832104218919627,0.9837903603182031,0.983940102948058,0.9837755689382071,0.0002950591521535498,5,0.9839636503167963,0.9839355738364639,0.9837156414071931,0.983598732820784,0.9838982138762675,0.983822362451501,0.00014137334277494667,0.9984646163867306,0.9988362078998207,0.9986258297426343,0.9988590322730871,0.9987895716945996,0.9987150515993743,0.0001494261446903558,3,0.9987373737373737,0.9986909014743358,0.9987427972760607,0.9986845551642851,0.9987024548623031,0.9987116165028717,2.400433234691516e-05,0.9818140226466888,0.9816538945442068,0.9808299400649677,0.981310335361669,0.9815619709932745,0.9814340327221613,0.00034331581385628224,4,0.9816421418644949,0.9816535797823365,0.9813334248361527,0.9812476409429366,0.9815964954420158,0.9814946565735874,0.00016993648659306698,0.9900693186929793,0.9901705161632709,0.9896478897621439,0.9900069236095085,0.9901008376214321,0.9899990971698669,0.00018334369336823304,5,0.9901159722082019,0.9900989527904916,0.9899615770708574,0.9898893161369976,0.9900755939213373,0.9900282824255772,8.795841039360162e-05
0.796870756149292,0.1748318017192327,0.24999775886535644,0.07057561402671116,0.0001,{'var_smoothing': 0.0001},0.9840527084191217,0.9840901433758844,0.9832665743271066,0.983809078146935,0.9840524099204492,0.9838541828378993,0.00031038748468491375,2,0.9840572385845711,0.9840104444506836,0.9837858326080242,0.9836736030846549,0.9840058398805819,0.9839065917217031,0.00014979755150173717,0.9986737091932895,0.998975624519824,0.998742079761461,0.9989287627209427,0.9989290869302044,0.9988498526251444,0.00011913433303686603,1,0.9988536114150043,0.9988245152580247,0.9988822717826019,0.9988356455472175,0.9988361266294227,0.9988464341264542,2.019369109065006e-05,0.9818140226466888,0.9815623927713599,0.9807841881319486,0.9812645834286499,0.9815619709932745,0.9813974315943843,0.0003525761443761291,5,0.9816421418644949,0.9816135470698913,0.981281954500223,0.9811904516807924,0.9815964954420158,0.9814649181114834,0.00018953570874144984,0.9901721035389656,0.9901924585775603,0.9896816786316105,0.9900178870232532,0.9901693820095077,0.9900467019561795,0.00019292136893831128,2,0.9901730886267994,0.990144245329549,0.9900038945865248,0.9899344251890361,0.9901412756923893,0.9900793858848598,9.330577596959159e-05
0.7519712448120117,0.018223082203054398,0.271869421005249,0.007654247147373162,1e-08,{'var_smoothing': 1e-08},0.9840714258975031,0.9877962040953843,0.9850447347733313,0.9881890500701919,0.9882639213851193,0.986673067244306,0.0017612757617930718,1,0.9845906917108871,0.9879739075909444,0.9853113213727527,0.9880956280445291,0.9881424219594483,0.9868227941357123,0.0015461835005915654,0.9987665813358156,0.9987953760974819,0.9989072054686229,0.9988652416572104,0.9984498276300873,0.9987568464378436,0.00016136741489218993,4,0.9987499563938277,0.998749413787713,0.998716317865254,0.9987322867463184,0.9988363072148952,0.9987568564016017,4.162325127073225e-05,0.9817453963170536,0.9862747340729726,0.982797273184792,0.9866861874914216,0.9871894587546324,0.9849386099641745,0.002222049131961371,1,0.9823970444420298,0.9865375707006296,0.98331217330634,0.9867034965514875,0.9866577451417722,0.9851216060284518,0.0018742646328228966,0.9901828459364366,0.9924955687023781,0.9907867578381744,0.9927383623913919,0.9927877149594525,0.9917982499655666,0.0010937780642462267,1,0.9905060097851814,0.992605933666306,0.9909543857829111,0.9926814533528955,0.9927096759344504,0.9918914917043489,0.000959335167071455
0.7711794376373291,0.03208896649790325,0.27499680519104003,0.015932434940683863,1e-07,{'var_smoothing': 1e-07},0.9839778385055965,0.9843147531164601,0.9843709055516041,0.9840524099204492,0.984501637810014,0.9842435089808248,0.0001975022824434215,2,0.9844783857895574,0.9840759562381259,0.9848059447267691,0.9836829618676387,0.9843053209360655,0.9842697139116312,0.00037793525823909995,0.9987664377982078,0.9987901630953212,0.998906289996044,0.9988594040968343,0.9984425848442585,0.9987529759661331,0.00016293488933355967,5,0.9987497819387102,0.9987433531526709,0.9987155120805798,0.9987311343542463,0.9988307563435831,0.998754107573958,4.006690283907955e-05,0.981631019100995,0.9820199016355942,0.981973738390447,0.9816305988928032,0.9825913894862058,0.9819693295012091,0.0003517749155294369,2,0.9822597894279326,0.9817736779196715,0.9826945292751833,0.9813048302050807,0.9819682256459528,0.9820002104947643,0.0004659084838891341,0.9901245962159668,0.9903340407861956,0.9903676445141718,0.9901700625331703,0.990453570687389,0.9902899829473787,0.00012366651727180054,2,0.9904361540479836,0.9901858148542293,0.99064025066948,0.989941297794701,0.9903277156798284,0.9903062466092443,0.00023519652239693893
0.8156224727630615,0.043527781432937854,0.27187213897705076,0.00765416897323587,1e-06,{'var_smoothing': 1e-06},0.9839591210272152,0.9843334705948414,0.9843709055516041,0.9840524099204492,0.984501637810014,0.9842435089808248,0.00020413173674669414,2,0.9844690269627799,0.9840712768247373,0.9847919064866029,0.983664244301671,0.9842912827615897,0.9842575474674762,0.00037897403795661785,0.9987664090866772,0.9988134015821313,0.998906289996044,0.9988594040968343,0.9984425848442585,0.998757617921189,0.00016425513835082296,3,0.9987555679611085,0.9987433458416964,0.9987212870826746,0.9987369107281099,0.9988365396361859,0.998758730249955,4.044518014147552e-05,0.9816081436577834,0.9820199016355942,0.981973738390447,0.9816305988928032,0.9825913894862058,0.9819647544125667,0.00035626523417152026,3,0.9822426325511704,0.9817679589607508,0.9826716535703256,0.9812762355740087,0.9819453499410951,0.9819807661194702,0.00046664847150336316,0.9901129454654529,0.9903454639829287,0.9903676445141718,0.9901700625331703,0.990453570687389,0.9902899374366225,0.00012774472853197257,3,0.9904302771154163,0.9901829025615586,0.9906314678904371,0.9899295849812064,0.9903189246710251,0.9902986314439287,0.0002358435769208931
0.784373140335083,0.070847154976097,0.28749423027038573,0.007651482672909962,1e-05,{'var_smoothing': 1e-05},0.9839591210272152,0.9843334705948414,0.9843147531164601,0.9840524099204492,0.9844829199812821,0.9842285349280496,0.00019326701412865366,4,0.9844643475493912,0.9840712768247373,0.9847685094196591,0.983664244301671,0.984272565195622,0.9842481886582162,0.00037157539879929683,0.9987664090866772,0.9988134015821313,0.9989062136374215,0.9988594040968343,0.9984657228537555,0.9987622302513639,0.0001553876290428047,2,0.9987555607245661,0.9987433458416964,0.9987270476223691,0.9987427167794923,0.9988423165304401,0.9987621974997127,4.106946120070496e-05,0.9816081436577834,0.9820199016355942,0.9819051104909182,0.9816305988928032,0.9825456375531866,0.9819418784460572,0.0003406577253638758,4,0.9822369135922496,0.9817679589607508,0.9826373400130392,0.9812705166477942,0.981916755310023,0.9819658969047713,0.0004581340241333667,0.9901129454654529,0.9903454639829287,0.9903327026902312,0.9901700625331703,0.9904417105763798,0.9902805770496326,0.00012100017878155667,4,0.9904273661993761,0.9901829025615586,0.9906168654276892,0.9899295268810381,0.9903072215669366,0.9902927765273197,0.00023124845868126664
0.7687460899353027,0.19946151902501655,0.25624771118164064,0.08125069882359177,0.0001,{'var_smoothing': 0.0001},0.9841088608542657,0.9844832104218919,0.9840339909407405,0.9841272812353767,0.9841272812353767,0.9841761249375303,0.00015735274965922647,5,0.9845719740573322,0.9841789033326782,0.9844971034431124,0.9837812290889693,0.983935649008203,0.9841929717860591,0.0003072730930111162,0.9989524164261104,0.99899934841292,0.9989755291159282,0.9989524164261104,0.9986505979247127,0.9989060616611564,0.0001289088006559433,1,0.9988949633593114,0.9988828115908297,0.9988832599503283,0.9988938825885476,0.9989696062964624,0.998904904757096,3.275122727922748e-05,0.9816081436577834,0.9820199016355942,0.9814933430937457,0.9816305988928032,0.9819279864574278,0.9817359947474709,0.00020189004442370005,5,0.982231194633329,0.9817622400018301,0.982151231284814,0.9812647977215798,0.9813791762458681,0.9817577279774842,0.00039123331558942785,0.9902043359370494,0.9904368590446088,0.990157275884749,0.9902157609322718,0.9902186952108518,0.9902465854019062,9.766604008367945e-05,5,0.9904929973442677,0.9902485312228704,0.9904465853679636,0.9900008654761562,0.9900962678536913,0.9902570494529899,0.0001913890192080291
0.7560712814331054,0.03644218589607143,0.2749936103820801,0.012497520468609547,1e-08,{'var_smoothing': 1e-08},0.9846142327705611,0.9881892711413919,0.9877400516602404,0.9837529246607394,0.9875526438933083,0.9863698248252482,0.0018175388500890248,1,0.9840946738916809,0.98776801340184,0.9881142899926065,0.9840760307529609,0.9880675516955775,0.9864241119469332,0.0019132921418719305,0.9987210194637584,0.9989114826995229,0.9986335317414364,0.9987428411789356,0.9985408222350898,0.9987099394637486,0.0001235020179649023,4,0.9987027643335815,0.9986682339044487,0.9987380900008104,0.9987027416943474,0.9987553404578031,0.9987134340781981,3.0447612060827383e-05,0.9824545350566167,0.9866407411643601,0.9863659239602873,0.9813789632611978,0.9862286681612298,0.9846137663207383,0.0022321658473734,1,0.9818365864677994,0.9863660019330082,0.9867206533301307,0.9818138146381635,0.9866463072893433,0.984676672731689,0.0023312312874505083,0.9905209991005328,0.9927381952516313,0.9924618199813561,0.9899847694650852,0.9923465571015894,0.991610468180039,0.0011285596417593307,1,0.9901978596208917,0.9924789964322708,0.9926930025430653,0.9901862676960079,0.9926638971679765,0.9916440046920425,0.001187781215257116
0.7873918533325195,0.03217519472622173,0.27187013626098633,0.018747091326385062,1e-07,{'var_smoothing': 1e-07},0.9845955152921798,0.9843334705948414,0.9837532287650208,0.9837529246607394,0.984071127749181,0.9841012534123925,0.00032911434354210604,3,0.9840525591711823,0.9839449326632413,0.9842678121870643,0.9840760307529609,0.9841509010168318,0.984098447158256,0.000107341346205785,0.9987209897214083,0.9989062645443545,0.998626757285169,0.9987428411789356,0.9985345088278397,0.9987062723115414,0.00012439944626372508,5,0.9987026964135083,0.9986619038199737,0.9987320568596887,0.9987027416943474,0.9987492801088999,0.9987097357792836,2.9827339342591906e-05,0.9824316596134051,0.9819283998627474,0.9814933430937457,0.9813789632611978,0.981973738390447,0.9818412208443086,0.00037642529772128735,2,0.9817851158375129,0.9816936124947815,0.9820196959818824,0.9818138146381635,0.9818595660478788,0.9818343610000438,0.00010737013614806955,0.9905093580266846,0.9903445730040259,0.9899859249175107,0.9899847694650852,0.9901848840293876,0.9902019018885388,0.00020443408372249018,3,0.990171650055371,0.9901050634043079,0.990305372127224,0.9901862676960079,0.9902324092525356,0.9902001525070894,6.65714372513795e-05
0.837495756149292,0.06599331555510296,0.26561927795410156,0.01711720125454753,1e-06,{'var_smoothing': 1e-06},0.9846329502489425,0.9843147531164601,0.9837157938082581,0.9837529246607394,0.984071127749181,0.9840975099167162,0.0003461309469164522,4,0.9840572385845711,0.9839355738364639,0.9841929415728444,0.984071351361469,0.9841649391913075,0.9840844089093311,9.091212282597254e-05,0.9987674418604651,0.9989062390914804,0.9986266933569201,0.9987428411789356,0.9985345088278397,0.9987155448631281,0.0001268631641923684,3,0.9987085064051101,0.9986618882502153,0.9987319388538589,0.9987143389025923,0.9987667104911052,0.9987166765805764,3.408902121745609e-05,0.9824316596134051,0.9819055244195356,0.9814475911607266,0.9813789632611978,0.981973738390447,0.9818274953690624,0.0003841869980778505,3,0.9817851158375129,0.98168217457694,0.9819281931624518,0.9817966578595203,0.9818595660478788,0.9818103414968608,8.192973414811457e-05,0.9905322031943724,0.9903329257319522,0.9899626194102175,0.9899847694650852,0.9901848840293876,0.990199480366203,0.00021490885631012213,4,0.9901745056250739,0.9900992383363952,0.9902587852607174,0.9901832422985748,0.9902409763637832,0.990191349576909,5.629265801249448e-05
0.8012752532958984,0.08018901909182595,0.2819634437561035,0.011424885607945405,1e-05,{'var_smoothing': 1e-05},0.9846329502489425,0.9843147531164601,0.9837157938082581,0.9837342068320075,0.984071127749181,0.9840937663509699,0.00034991805422588496,5,0.9840572385845711,0.9839215355962977,0.9841695445059008,0.9840526337955012,0.9841649391913075,0.9840731783347156,9.097050905921136e-05,0.9987674418604651,0.9989062390914804,0.9986499068901303,0.998742811910693,0.9985345088278397,0.9987201817161218,0.00012391607360318457,2,0.9987085064051101,0.9986734699814402,0.9987377042505047,0.9987143089847114,0.9987667104911052,0.9987201400225743,3.106362966330827e-05,0.9824316596134051,0.9819055244195356,0.9814247151942169,0.9813560872946882,0.981973738390447,0.9818183449824586,0.00039408851343889075,4,0.9817851158375129,0.9816535797823365,0.9818938796051654,0.9817737821546626,0.9818595660478788,0.9817931846855112,8.303860019981182e-05,0.9905322031943724,0.9903329257319522,0.9899623877979555,0.9899731154880174,0.9901848840293876,0.990197103248337,0.00021732505130373097,5,0.9901745056250739,0.9900903862903553,0.9902441697162649,0.990171593366979,0.9902409763637832,0.9901843262724913,5.6344942715849876e-05
0.7863654136657715,0.18579962230555197,0.24374785423278808,0.06745967745761733,0.0001,{'var_smoothing': 0.0001},0.9847452551192304,0.9843147531164601,0.9836409238947329,0.983809078146935,0.9841834347215723,0.9841386889997862,0.00038918803275073783,2,0.984146147438957,0.9838887797025765,0.9841414680255683,0.9841228246678801,0.9842538476296543,0.9841106134929273,0.00012007499720091779,0.998906824208029,0.9989062390914804,0.9986497811714312,0.9988822913028292,0.9986738943303166,0.9988038060208172,0.00011650401015543977,1,0.9988189090909091,0.9986734159539187,0.9987376601920851,0.9988246862435926,0.9988771170416397,0.998786357704429,7.196278716661816e-05,0.9824316596134051,0.9819055244195356,0.9813332113281786,0.981310335361669,0.981973738390447,0.981790893822647,0.00042368922773257557,5,0.9817851158375129,0.9816135470698913,0.9818595660478788,0.981750906449805,0.9818595660478788,0.9817737402905934,9.060328530356952e-05,0.9906007450207014,0.9903329257319522,0.9899157724702896,0.9900183477769187,0.9902534113060428,0.9902242404611808,0.00024164577730617366,2,0.9902287645789832,0.9900699974331391,0.9902266979273908,0.9902142031050366,0.9902952381776389,0.9902069802444377,7.412053336570623e-05
0.7655706882476807,0.00988098756576766,0.26874494552612305,0.0062496665441534585,1e-08,{'var_smoothing': 1e-08},0.9840339909407405,0.9843521880732228,0.9843896230299854,0.984071127749181,0.9838652316331306,0.9841424322852521,0.00019939148350389912,5,0.9836735266866946,0.9840806356515147,0.984164865092512,0.9841555804083237,0.9846843516469118,0.9841517918971915,0.0003217470966908952,0.9988594040968343,0.998743806267011,0.9988366682177757,0.9984881259739957,0.9987894589812831,0.9987434927073799,0.0001337477410039212,5,0.9987136953611547,0.9987433604635604,0.9986680780773795,0.9988131254363509,0.9987385114435033,0.9987353541563897,4.715424821001809e-05,0.9816081436577834,0.982111403408441,0.9820652422564853,0.9820194903234661,0.9814704671272362,0.9818549493546824,0.00026298484819093135,1,0.9813104422470933,0.9817793968785922,0.9819567877935239,0.9818023767857347,0.9825229614887508,0.981874393038739,0.0003897899527961375,0.990158638592443,0.9903577772139052,0.990379957090456,0.9901853368240165,0.9900542286835121,0.9902271876808666,0.00012390109374350416,5,0.9899355866003974,0.9901887271301016,0.9902419331583956,0.9902347017056107,0.9905643787279064,0.9902330654644823,0.0002001546173706637
0.7624661922454834,0.028640748639816756,0.28124547004699707,0.013976491784568813,1e-07,{'var_smoothing': 1e-07},0.9840339909407405,0.9843521880732228,0.9844083405083667,0.984071127749181,0.9838652316331306,0.9841461757809282,0.00020411696083773233,4,0.9836782061000833,0.9840853150649035,0.9841742239192894,0.9841555804083237,0.9846843516469118,0.9841555354279024,0.0003202405476503351,0.9988594040968343,0.998743806267011,0.9988599083273226,0.9984881259739957,0.9987894589812831,0.9987481407292893,0.00013726266164477112,4,0.9987195082911838,0.9987491709621493,0.9986796952248008,0.9988131254363509,0.9987385114435033,0.9987400022715975,4.356656471407896e-05,0.9816081436577834,0.982111403408441,0.9820652422564853,0.9820194903234661,0.9814704671272362,0.9818549493546824,0.00026298484819093135,1,0.9813104422470933,0.9817793968785922,0.9819567877935239,0.9818023767857347,0.9825229614887508,0.981874393038739,0.0003897899527961375,0.990158638592443,0.9903577772139052,0.9903913810803641,0.9901853368240165,0.9900542286835121,0.9902294724788481,0.00012676930509972588,3,0.9899384421893119,0.9901915828149378,0.990247644093798,0.9902347017056107,0.9905643787279064,0.9902353499063128,0.00019923919461362028
0.8531214714050293,0.049012819052784276,0.28437228202819825,0.03029768935621708,1e-06,{'var_smoothing': 1e-06},0.9840527084191217,0.9843521880732228,0.9844083405083667,0.984071127749181,0.9838652316331306,0.9841499192766046,0.00020218768956783214,2,0.983682885513472,0.9840946738916809,0.9841742239192894,0.9841555804083237,0.9846890310384038,0.9841592789542339,0.00031999963325387513,0.9988826555552969,0.998743806267011,0.9988599083273226,0.9984881259739957,0.9987894589812831,0.9987527910209819,0.00014128819257341028,3,0.9987253212888806,0.9987607921621559,0.9986796952248008,0.9988131254363509,0.99874431745515,0.9987446503134677,4.3685895350363565e-05,0.9816081436577834,0.982111403408441,0.9820652422564853,0.9820194903234661,0.9814704671272362,0.9818549493546824,0.00026298484819093135,1,0.9813104422470933,0.9817793968785922,0.9819567877935239,0.9818023767857347,0.9825229614887508,0.981874393038739,0.0003897899527961375,0.9901700625331703,0.9903577772139052,0.9903913810803641,0.9901853368240165,0.9900542286835121,0.9902317572669936,0.00012556933102886054,2,0.9899412977947009,0.9901972942340249,0.990247644093798,0.9902347017056107,0.9905672344007658,0.99023763444578,0.0001990917717045148
0.78965163230896,0.05304755627457016,0.310045051574707,0.03326128648823374,1e-05,{'var_smoothing': 1e-05},0.9840527084191217,0.9843521880732228,0.984427057986748,0.984071127749181,0.9838652316331306,0.9841536627722809,0.0002070524435494671,1,0.983682885513472,0.9840946738916809,0.9841742239192894,0.9841649391913075,0.9846937104298957,0.9841620865891292,0.00032154548756970164,0.9988826555552969,0.998743806267011,0.9988831495183582,0.9984881259739957,0.9987894589812831,0.998757439259189,0.00014506754063654142,2,0.9987253212888806,0.9987607921621559,0.998685496254246,0.9988247477862204,0.9987501235343018,0.998749296205161,4.576245826551972e-05,0.9816081436577834,0.982111403408441,0.9820652422564853,0.9820194903234661,0.9814704671272362,0.9818549493546824,0.00026298484819093135,1,0.9813104422470933,0.9817793968785922,0.9819510688673094,0.9818023767857347,0.9825229614887508,0.9818732492534961,0.00038955481831227863,0.9901700625331703,0.9903577772139052,0.9904028053338255,0.9901853368240165,0.9900542286835121,0.990234042117686,0.00012852226354507988,1,0.9899412977947009,0.9901972942340249,0.9902475878495671,0.9902404134557703,0.9905700900900901,0.9902393366848307,0.00020003089958576303
0.7697883129119873,0.22113945187555803,0.23545961380004882,0.07121313941182289,0.0001,{'var_smoothing': 0.0001},0.9841088608542657,0.9841275783326471,0.984427057986748,0.984071127749181,0.9839962564342536,0.9841461762714191,0.00014747277711893634,3,0.9837951914348018,0.983790512021413,0.9841742239192894,0.9841649391913075,0.9847872982597343,0.9841424329653092,0.0003638113451171114,0.9989524164261104,0.9989292115738262,0.9988831495183582,0.9984881259739957,0.9989522456867448,0.998841029835807,0.0001782510366078448,1,0.9988648535369999,0.9988706550782682,0.998685496254246,0.9988247477862204,0.9988662592952202,0.998822402390191,7.043101707734921e-05,0.9816081436577834,0.9816538945442068,0.9820652422564853,0.9820194903234661,0.9814704671272362,0.9817634475818355,0.00023604941637105857,5,0.9813104422470933,0.9812990043292519,0.9819510688673094,0.9818023767857347,0.9825229614887508,0.981777170743628,0.0004546555502365185,0.9902043359370494,0.9902162124743291,0.9904028053338255,0.9901853368240165,0.9901341979852993,0.9902285777109039,9.15129872401509e-05,4,0.9900098372667976,0.9900068659523767,0.9902475878495671,0.9902404134557703,0.9906272073344768,0.9902263823717977,0.0002264448874258454
0.7592159271240234,0.012501168376877165,0.26561970710754396,8.17605409597504e-07,1e-08,{'var_smoothing': 1e-08},0.9845019279002732,0.9851944746003818,0.9844083405083667,0.9848198408984558,0.9849321478708469,0.9847713463556648,0.0002869166808398747,1,0.9843239651477291,0.9847825476598253,0.9850071595024847,0.9851195350556614,0.9847358249533231,0.9847938064638047,0.0002741744383356545,0.9986512568890542,0.9987451199107641,0.998535122189411,0.9988140913847227,0.9988142568180233,0.9987119694383951,0.00010672536426916871,5,0.9986683336725497,0.998709669919616,0.9987853921614208,0.9987102171715411,0.9987154000860275,0.998717802602231,3.7802049903843294e-05,0.9823859087269816,0.9831407983529681,0.9823855057876195,0.9826142654527154,0.9827515212517729,0.9826555999144115,0.00028000397831727986,1,0.9821511292084389,0.9826715544702243,0.9828718159878301,0.9830834162577634,0.9826087453819671,0.9826773322612448,0.00031124116944754624,0.9904518093129454,0.990881529044232,0.9903944834584472,0.9906479548887787,0.9907177861055059,0.9906187125619818,0.00017769556519853068,1,0.9903408664963584,0.9906257026399081,0.9907647075778976,0.9908352066401521,0.9905966053226327,0.9906326177353899,0.00017026654910520106
0.774905014038086,0.012453124704751167,0.27187132835388184,0.018747846469603306,1e-07,{'var_smoothing': 1e-07},0.9844832104218919,0.9851944746003818,0.9837906637217834,0.9844642021525503,0.9849321478708469,0.9845729397534908,0.00047899207635737715,3,0.9842771710138417,0.9847825476598253,0.9845345387502222,0.9846094813830409,0.9847358249533231,0.9845879127520506,0.0001786813836910876,0.9986744186046511,0.9987451199107641,0.9985339973006935,0.9988135672079281,0.9988142568180233,0.998716271968412,0.00010476197469864116,4,0.9986914572513623,0.998709669919616,0.9987846788121253,0.9987151984466109,0.998721197888814,0.9987244404637057,3.171954937077025e-05,0.9823401578405582,0.9831407983529681,0.9816305988928032,0.9821796220890333,0.9827515212517729,0.9824085396854271,0.0005130517187412077,2,0.9820710637835488,0.9826715544702243,0.9822942044401743,0.982454334374178,0.9826030264557527,0.9824188367047755,0.0002170398230692342,0.9904399469526609,0.990881529044232,0.9900101513473607,0.9904267589388698,0.9907177861055059,0.9904952344777259,0.0002972554364024288,3,0.9903115304321749,0.9906257026399081,0.9904708083810755,0.9905180341858165,0.9905965511078311,0.9905045253493613,0.0001111026882111775
0.8250002384185791,0.03877901978406575,0.26874403953552245,0.006249523257436461,1e-06,{'var_smoothing': 1e-06},0.9844083405083667,0.9851757571220006,0.9837906637217834,0.9844642021525503,0.9849321478708469,0.9845542222751096,0.0004778158847306095,4,0.9842631327736755,0.9847825476598253,0.9845438975769998,0.984539290510662,0.9847217867788473,0.984570131060002,0.0001811118725320879,0.9986974926733962,0.9987450907485301,0.9985339973006935,0.9988599879019124,0.9988142568180233,0.9987301650885112,0.00011286934470039944,3,0.9987378437485459,0.9987212647853759,0.998796294681018,0.9987208856122888,0.9987327718001034,0.9987418121254665,2.802119375064644e-05,0.9822257806244996,0.9831179229097564,0.9816305988928032,0.982133870156014,0.9827515212517729,0.9823719387669693,0.0005154025376771823,3,0.982008155235421,0.9826601165523828,0.9822942044401743,0.9823628315547472,0.9825744318246806,0.9823799479214811,0.00022899483240879613,0.9903931541131832,0.9908698960182603,0.9900101513473607,0.9904263172464703,0.9907177861055059,0.9904834609661561,0.0002965410757597242,4,0.9903023487175051,0.9906255945483163,0.9904765199941181,0.9904743233425207,0.9905877130016403,0.9904932999208201,0.0001127117889183241
0.7906221389770508,0.06296480440524334,0.28437190055847167,0.006253337938282216,1e-05,{'var_smoothing': 1e-05},0.9843709055516041,0.9851757571220006,0.9837719462434021,0.9844642021525503,0.9849134300421151,0.9845392482223344,0.0004832968255349116,5,0.9842303768799543,0.9847872270732141,0.9845345387502222,0.9845439699021539,0.9847217867788473,0.9845635798768783,0.0001935456884380317,0.9986974320803871,0.9987450907485301,0.9985339631861867,0.9988599879019124,0.9988374255952381,0.9987347799024509,0.00011665479695910347,2,0.998737792358118,0.9987270698193486,0.9988020818189748,0.9987266923653869,0.9987327718001034,0.9987452816323863,2.8691731599866683e-05,0.9821800297380762,0.9831179229097564,0.9816077229262936,0.982133870156014,0.9827057693187538,0.9823490630097789,0.0005182374489154284,4,0.9819681225229759,0.9826601165523828,0.9822770476615311,0.9823628315547472,0.9825744318246806,0.9823685100232635,0.00024337046457151534,0.990369866331438,0.9908698960182603,0.9899985003518406,0.9904263172464703,0.9907059339037384,0.9904741027703494,0.0002999147617177387,5,0.990281967137477,0.9906284501918414,0.9904706435271017,0.9904771789615713,0.9905877130016403,0.9904891905639263,0.00012044063627835781
0.7624973773956298,0.18889925665203253,0.24374585151672362,0.07565007416299954,0.0001,{'var_smoothing': 0.0001},0.9844832104218919,0.9852319095571445,0.9838655336353086,0.9845390734674778,0.9849883013570426,0.9846216056877731,0.0004700098493337685,2,0.9842678121870643,0.9848854947543776,0.9846328064313857,0.9846422371234844,0.9847311455618312,0.9846318992116286,0.0002033851490429014,0.9988600409454681,0.9988379119602101,0.9986501582573077,0.9989529526734608,0.9989767441860465,0.9988555616044987,0.00011549229226270685,1,0.9988423030606249,0.9988489911232801,0.9989240683013074,0.9988544513577949,0.998848776970888,0.9988637181627791,3.0419547671874056e-05,0.9821571542948645,0.9830950474665446,0.9816077229262936,0.982133870156014,0.9826600173857345,0.9823307624458902,0.0005068003391913468,5,0.9819109329337687,0.9826601165523828,0.9822770476615311,0.9823571126285329,0.9824714911528212,0.9823353401858073,0.0002481976419454726,0.9904381826780009,0.9909039554535917,0.9900556055467109,0.9904720158722835,0.9907512051110547,0.9905241929323283,0.00029170137101171414,2,0.9903042537851477,0.9906884225092251,0.9905306197772793,0.9905370961975387,0.9905924480105176,0.9905305680559418,0.00012649737204583426
