mean_fit_time,std_fit_time,mean_score_time,std_score_time,param_C,param_tol,params,split0_test_accuracy,split1_test_accuracy,split2_test_accuracy,split3_test_accuracy,split4_test_accuracy,mean_test_accuracy,std_test_accuracy,rank_test_accuracy,split0_train_accuracy,split1_train_accuracy,split2_train_accuracy,split3_train_accuracy,split4_train_accuracy,mean_train_accuracy,std_train_accuracy,split0_test_recall,split1_test_recall,split2_test_recall,split3_test_recall,split4_test_recall,mean_test_recall,std_test_recall,rank_test_recall,split0_train_recall,split1_train_recall,split2_train_recall,split3_train_recall,split4_train_recall,mean_train_recall,std_train_recall,split0_test_precision,split1_test_precision,split2_test_precision,split3_test_precision,split4_test_precision,mean_test_precision,std_test_precision,rank_test_precision,split0_train_precision,split1_train_precision,split2_train_precision,split3_train_precision,split4_train_precision,mean_train_precision,std_train_precision,split0_test_f1,split1_test_f1,split2_test_f1,split3_test_f1,split4_test_f1,mean_test_f1,std_test_f1,rank_test_f1,split0_train_f1,split1_train_f1,split2_train_f1,split3_train_f1,split4_train_f1,mean_train_f1,std_train_f1
26.03882555961609,2.1689017930753205,0.06262087821960449,0.009885680034365869,1,0.001,"{'C': 1, 'tol': 0.001}",0.9985587541646389,0.9990079736457904,0.9988395163403586,0.9988394946186242,0.9988207767898923,0.9988133031118609,0.0001443057639530387,2,0.9988488643063705,0.9987833525189282,0.9989518114009228,0.9988348315185094,0.998923739956856,0.9988685199403176,6.125595646490934e-05,0.9995653665789774,0.9996568683518243,0.9996111085693371,0.9995424806698083,0.9995424806698083,0.9995836609679511,4.4359915359660086e-05,3,0.9995996728755497,0.9995138884917389,0.9996225508698486,0.999599675164991,0.999599675164991,0.9995870925134238,3.765909075729923e-05,0.9986744069113681,0.9991311902693311,0.9989712404553975,0.9990396927016645,0.9990168507213572,0.9989666762118237,0.00015514892240768536,2,0.998994073032584,0.9989996970511069,0.9990968848242355,0.9989769499391313,0.9990854425314951,0.9990306094757105,5.0137653247615124e-05,0.9991196881180762,0.9993939601843276,0.9992910720819611,0.9992910234419669,0.9992795965740815,0.9992750680800826,8.810161627552881e-05,2,0.9992967812017609,0.9992567266240524,0.9993596487215843,0.9992882155363396,0.9993424926959515,0.9993087729559378,3.74181633119941e-05
25.39475049972534,1.5061216203889327,0.06562113761901855,0.011692118657135965,1,0.0001,"{'C': 1, 'tol': 0.0001}",0.9985587541646389,0.9990828435593156,0.9988395163403586,0.9988582124473561,0.9988769302760879,0.9988432513575514,0.00016716167625188024,1,0.9988348260662043,0.9988395054795931,0.998928414333979,0.9988441903014932,0.9989752132632672,0.9988844298889074,5.70512377476211e-05,0.9995653665789774,0.9997026192382478,0.9995882326028275,0.9995653566363178,0.9995424806698083,0.9995928111452358,5.677832575076704e-05,1,0.9995996728755497,0.9995596401631047,0.9995939562387766,0.999639707648492,0.999639707648492,0.999606536914883,3.0348933789942663e-05,0.9986744069113681,0.999176917097261,0.9989940557841792,0.9990397146580698,0.9990853797960397,0.9989940948493835,0.00017090258160028268,1,0.998976944091995,0.9990225834662276,0.9990968590128326,0.9989484452420004,0.9991083217586638,0.9990306307143438,6.344060115419442e-05,0.9991196881180762,0.9994396990383406,0.9992910558693714,0.9993024665241107,0.9993138779617602,0.9992933575023318,0.0001020649413230203,1,0.9992882114669419,0.9992910396560399,0.9993453458089268,0.9992939568999277,0.9993739440666193,0.9993184995796911,3.4838402562991325e-05
33.553350877761844,4.351057719194278,0.07812047004699707,0.013974092140252505,10,0.001,"{'C': 10, 'tol': 0.001}",0.9983528619024445,0.9988956687755025,0.9986523415565455,0.9988394946186242,0.9987459054749649,0.9986972544656163,0.00019109726694810947,4,0.9984791906486603,0.998680405424376,0.9987739936921507,0.998792716995082,0.9988722666504448,0.9987197146821426,0.0001348663635482129,0.9994967402493423,0.9995653665789774,0.9996111085693371,0.9995653566363178,0.9995424806698083,0.9995562105407567,3.7165851420620504e-05,5,0.9993366007651967,0.9994852936971353,0.9996282697960631,0.999639707648492,0.9996454265747063,0.9995470596963187,0.0001207996411006751,0.9984917388422953,0.9990854216206329,0.9987429146096178,0.9990168731995062,0.9989254932443246,0.9988524883032752,0.0002138955884541642,4,0.9988053729637039,0.9989026000377231,0.9988742213840791,0.9988856506086062,0.9989769967138162,0.9988889683415856,5.5048133062206665e-05,0.9989939867846446,0.9993253364741398,0.9991768229940777,0.9992910396560399,0.9992338917157396,0.9992042155249283,0.00011664978728650632,4,0.9990709162481025,0.9991938619159787,0.9992511033363062,0.9992625368731565,0.9993110998676512,0.999217903648239,8.241744967660621e-05
30.998583459854125,0.9034301882581964,0.05937137603759766,0.006247115161352919,10,0.0001,"{'C': 10, 'tol': 0.0001}",0.9985213192078763,0.9988956687755025,0.998802081383596,0.998727187646233,0.9986897519887693,0.9987272018003954,0.000124722254770815,3,0.9987646348653733,0.9986944436645422,0.998895658440258,0.9987318849056869,0.998858228475969,0.9987889700703658,7.611214705067271e-05,0.9997026192382478,0.9995653665789774,0.9995882326028275,0.9995653566363178,0.9995196047032987,0.9995882359519339,6.138445371734495e-05,2,0.9997598037253298,0.9994738557792939,0.9996282697960631,0.999639707648492,0.999639707648492,0.9996282689195342,9.10016615844506e-05,0.9984920489855602,0.9990854216206329,0.9989483791321841,0.998879846378932,0.998879795162544,0.9988570982559706,0.00019736126960801206,3,0.9987316967269777,0.9989311353971375,0.9990226560892527,0.9988114489465895,0.9989655724213606,0.9988925019162636,0.00010601872108293865,0.9990969674108112,0.9993253364741398,0.9992682034394438,0.999222483935146,0.9991995975118916,0.9992225177542865,7.608823612424796e-05,3,0.9992454857756919,0.9992024218930902,0.9993253711887761,0.9992254066615026,0.9993025263410646,0.9992602423720249,4.648481140400579e-05
34.66213850975036,6.447213348775034,0.07187142372131347,0.01593345412086673,100,0.001,"{'C': 100, 'tol': 0.001}",0.9987646464268334,0.9984651667727323,0.9980346647699622,0.9987459054749649,0.9982218062704726,0.998446437942993,0.0002868116961645436,5,0.9989143760938128,0.9982966935264995,0.9981329140578937,0.9987599612546384,0.9983154190629051,0.9984838727991499,0.0002993802603374309,0.9996568683518243,0.999679743795036,0.9995882326028275,0.9994509768037699,0.9994967287367891,0.9995745100580493,8.871948493847774e-05,4,0.9997083330950434,0.9994910126560561,0.9996454265747063,0.9994910155669171,0.999599675164991,0.9995870926115428,8.570015530840785e-05,0.9988343123585747,0.9984463889967785,0.99801292739191,0.9990167607984817,0.9983320004569862,0.9985284780005463,0.00035863329601095774,6,0.9989656374473532,0.9984289574561679,0.998075748145695,0.9989939695332819,0.9983435954260387,0.9985615816017072,0.0003609326068715757,0.9992454210779045,0.9990626857482511,0.9987999588557323,0.9992338216291011,0.998914025080305,0.9990511824782586,0.00017501055885977288,5,0.9993368472805021,0.9989597027722207,0.9988599706849605,0.9992424307395876,0.9989712404553975,0.9990740383865336,0.000182696210972745
32.96751961708069,1.5264197094173508,0.06562237739562989,0.006249523288361641,100,0.0001,"{'C': 100, 'tol': 0.0001}",0.9986523415565455,0.9988956687755025,0.9868041777411747,0.9976977070659804,0.9980533458118859,0.9960206481902178,0.004627726590285516,6,0.9987599554519846,0.9986195730503225,0.986911680751701,0.9975199225092769,0.998390289326776,0.9960402842180123,0.004584595886896006,0.9995882420221892,0.9997026192382478,0.985885528663586,0.9985588141098961,0.9986960699089537,0.9964862547885746,0.005320178652156282,6,0.999593953916629,0.9995653591220254,0.9857884683571813,0.9984272952910361,0.999033501469764,0.9964817156313271,0.005363530791666488,0.9987657424973143,0.998948523361068,0.9979622554127591,0.9986273478071881,0.9989245835621453,0.9986456905280949,0.00036092146978703566,5,0.9988913018630701,0.9987485714285714,0.9981932420302864,0.9985415069950468,0.9989992222527221,0.9986747689139394,0.0002853875179400799,0.9991768229940777,0.999325429038565,0.9918871333387035,0.9985930797826709,0.9988103136653779,0.9975585557638791,0.002847553339670414,6,0.9992425043663191,0.9991567983490397,0.9919520749950367,0.9984843978770132,0.9990163615671875,0.9975704274309193,0.0028215019250144467
25.610082340240478,1.6730552041004698,0.062497854232788086,0.009881966984010004,1,0.001,"{'C': 1, 'tol': 0.001}",0.9990641260809344,0.9990454086025531,0.9989331037322652,0.9990266729059429,0.998727187646233,0.9989592997935859,0.00012450276811956963,1,0.9989518114009228,0.998928414333979,0.9989611702277003,0.9989330987398398,0.9990173277866946,0.9989583644978273,3.1820922282133765e-05,0.9996111174654009,0.9996111174654009,0.9995882326028275,0.9996339845358466,0.9995424806698083,0.9995973865478568,3.103204495994688e-05,1,0.9996111107933912,0.9996111107933912,0.9996282697960631,0.9995882373125622,0.999599675164991,0.9996076807720797,1.3338484650445944e-05,0.9992453865678809,0.9992225372724778,0.9991082656910941,0.9991768418164357,0.9989026564857574,0.9991311375667292,0.0001234684947453698,2,0.9991082911772271,0.9990797370677337,0.9991026007430694,0.9991082758857222,0.9991996707216684,0.999119715119084,4.134103856514479e-05,0.9994282185577386,0.999416789598271,0.9993481915173417,0.999405360900192,0.999222466154409,0.9993642053455905,7.603027771355325e-05,1,0.9993596377379204,0.9993453532948169,0.9993653661437132,0.9993481989708405,0.999399632918413,0.9993636378131407,1.9428416270033903e-05
24.68138642311096,1.3852156612801663,0.06249699592590332,0.017115502976839777,1,0.0001,"{'C': 1, 'tol': 0.0001}",0.9989705386890279,0.9990454086025531,0.9989518212106465,0.9990266729059429,0.9987459054749649,0.998948069376627,0.00010681070088557175,2,0.9988722613733142,0.9989096966804242,0.9989752084678665,0.9989377781313318,0.9990313659611704,0.9989452621228214,5.470041098588672e-05,0.9995196156925541,0.9996111174654009,0.9995882326028275,0.9996339845358466,0.9995424806698083,0.9995790861932875,4.242685947151488e-05,2,0.9995310453685011,0.9995825159987876,0.9996282697960631,0.9995882373125622,0.999599675164991,0.9995859487281811,3.1657188781946576e-05,0.9992224661544091,0.9992225372724778,0.9991311108062377,0.9991768418164357,0.9989254932443246,0.9991356898587769,0.00011042614438503388,1,0.9990910857809231,0.9990854216206329,0.9991197334049741,0.9991139870013319,0.999216807203087,0.9991254070021898,4.752552959517178e-05,0.9993710188351269,0.999416789598271,0.9993596194309762,0.999405360900192,0.9992338917157396,0.9993573360960613,6.522583343502183e-05,2,0.9993110171502411,0.999333906992833,0.9993739369077057,0.999351055892098,0.9994082045153709,0.9993556242916497,3.341359076902124e-05
30.099686431884766,1.191699364735108,0.0656217098236084,0.011691519889682494,10,0.001,"{'C': 10, 'tol': 0.001}",0.9987646464268334,0.9988956687755025,0.9986897765133081,0.9988207767898923,0.9984838558727188,0.9987309448756511,0.0001407745289309574,4,0.9986570083574323,0.9987552760385958,0.9987459172118184,0.9987833582120981,0.9988863048249206,0.998765572928973,7.371722506585532e-05,0.9994967402493423,0.9996111174654009,0.9994281008372604,0.9996568605023562,0.9995196047032987,0.9995424847515316,8.184375079558257e-05,3,0.9994910126560561,0.9996053918344705,0.9994967344931316,0.9996225508698486,0.9996111130174199,0.9995653605741854,5.8657769666006626e-05,0.9989939867846446,0.999039780521262,0.9989710522705446,0.9989027819050449,0.9986286654629397,0.9989072533888871,0.00014614215456691123,5,0.998868351565447,0.9988741892162185,0.9989711346098885,0.9988913398786189,0.9990283493369914,0.9989266729214329,6.28001258162876e-05,0.9992453002790102,0.9993253673317706,0.9991995242887202,0.9992796789426143,0.9990739364560348,0.99922476145963,8.595860754228518e-05,4,0.9991795851044672,0.9992396567593371,0.9992338654347528,0.9992568116074594,0.9993196462160324,0.9992459130244098,4.5031191173353125e-05
30.390307903289795,1.4156477089278825,0.06874704360961914,0.01249927305467149,10,0.0001,"{'C': 10, 'tol': 0.0001}",0.9989143862538838,0.9989705386890279,0.9985587541646389,0.9988394946186242,0.9986523163313056,0.9987870980114961,0.00015678341556078472,3,0.9987786731055395,0.9987459172118184,0.9987038024913197,0.9988114345610497,0.9989845720462511,0.9988048798831957,9.665636887947811e-05,0.9995882420221892,0.9995424911357658,0.9993594729377316,0.9996111085693371,0.9995882326028275,0.9995379094535704,9.196138250413535e-05,4,0.9995825159987876,0.9994910126560561,0.9994567020096307,0.9995653616077045,0.9996225508698486,0.9995436286284056,6.088997907168007e-05,0.9990854425314951,0.9991996341184541,0.9988796158682977,0.9989712404553975,0.9987657142857143,0.9989803294518718,0.00015193998921335603,3,0.9989255423724939,0.9989768329837037,0.9989596730400984,0.9989826245999085,0.9991368617206747,0.9989963069433758,7.303664068269538e-05,0.9993367790330696,0.9993710332208816,0.9991194867865841,0.9992910720819611,0.999176804170859,0.9992590350586712,9.575982864220518e-05,3,0.9992539212015014,0.9992338566740231,0.9992081257164748,0.9992739081465218,0.9993796472851707,0.9992698918047382,5.904411394722031e-05
30.863039255142212,1.3239903032386309,0.07812128067016602,0.017115589940010317,100,0.001,"{'C': 100, 'tol': 0.001}",0.9986523415565455,0.99286864073672,0.9968741811103208,0.9986335985025737,0.9972671970051474,0.9968591917822615,0.002119202487306683,6,0.9986195730503225,0.9928030622081216,0.9972110696203124,0.9986242589013725,0.9974637698113737,0.9969443467183006,0.0021503333256337838,0.9995196156925541,0.9921079720919593,0.9970032483872444,0.9994509768037699,0.9978725351146086,0.9971908696180272,0.002715395352675084,6,0.9994338230668489,0.9923308760873171,0.9973978885724416,0.9994338263047731,0.9977581809239497,0.9972709189910661,0.0026082136202941007,0.9988341524745685,0.9991706215730544,0.9991746715880694,0.9988797183291799,0.9987864633420341,0.9989691254613812,0.00016877599682293626,4,0.9988797055225945,0.9988659455538733,0.9991921807681731,0.9988854213107445,0.9991409721904064,0.9989928450691584,0.00014291275156466755,0.9991767665218385,0.995626771960836,0.9980877789609884,0.9991652659142625,0.9983292900627088,0.9980771746841268,0.00130086070397844,6,0.9991566874683759,0.995587686834782,0.9982942284245654,0.999159548557511,0.9984490977869598,0.998129449814439,0.0013195610239462798
30.456478309631347,1.0876053598402877,0.06249556541442871,0.017116504056458672,100,0.0001,"{'C': 100, 'tol': 0.0001}",0.998745928948452,0.997360835548235,0.9968928985887021,0.998315395414132,0.9984651380439868,0.9979560393087017,0.0007066512128000408,5,0.9986148936369337,0.9970098548445967,0.9971268401793151,0.998249907582018,0.998858228475969,0.9979719449437665,0.0007636706320897027,0.9993823630332838,0.9978954592245225,0.9972777599853594,0.9993823489042412,0.9993823489042412,0.9986640560103297,0.0009011561496338093,5,0.9992908490938309,0.9975522855819327,0.9975751752850884,0.9993537613377712,0.9994738587882739,0.9986491860173794,0.0008882491410860672,0.9990852542993048,0.9988779996336326,0.9989230557719628,0.99856,0.9987426272232637,0.9988377873856328,0.0001768326237308636,6,0.9990166090163232,0.9987918002748511,0.9989119479567528,0.9985086225615122,0.9991310213928812,0.9988720002404641,0.00021357661273483972,0.9992337865809727,0.9983864876926773,0.9980997298411101,0.9989710052135736,0.9990623856567873,0.9987506789970242,0.00043254311481178835,5,0.9991537102372471,0.9981716581258208,0.9982431140945741,0.998931013193698,0.9993024106856959,0.9987603812674072,0.00046728558475638303
26.007127141952516,1.0487701796028268,0.05624876022338867,0.007654519574565404,1,0.001,"{'C': 1, 'tol': 0.001}",0.9990641260809344,0.9990266911241718,0.9988769512971213,0.9989892372484792,0.9988020589611605,0.9989518129423735,9.76238523203523e-05,2,0.9988862996134804,0.9989518114009228,0.9989939261214215,0.9989845720462511,0.9990079690037108,0.9989649156371574,4.3436793558801945e-05,0.9996568683518243,0.9996339929086127,0.9996111085693371,0.9995424806698083,0.9996568605023562,0.9996202622003876,4.2430493372150946e-05,2,0.999553921204184,0.9996225487112326,0.9996339887222775,0.9996454265747063,0.999639707648492,0.9996191185721784,3.346522096672642e-05,0.9991997256202126,0.999176860637933,0.9990169181527206,0.9992224661544091,0.9988799487976593,0.999099183872587,0.00013128024272158578,2,0.9990853954807104,0.999096879662073,0.9991368715882134,0.9991140376448263,0.9991482988842144,0.9991162966520075,2.3598626507481578e-05,0.9994282447112637,0.9994053744997141,0.9993139250348756,0.9993824477939663,0.9992682536415814,0.9993596491362803,5.959827256096594e-05,2,0.9993196034259968,0.9993596450604048,0.999385368335892,0.9993796614724034,0.9993939428591031,0.99936764423076,2.654084211491075e-05
26.171237659454345,1.2349959299390378,0.06874618530273438,0.01249976162371321,1,0.0001,"{'C': 1, 'tol': 0.0001}",0.9991202785160783,0.9990266911241718,0.9988956687755025,0.9990079550772111,0.9988020589611605,0.9989705304908248,0.00011042284202091109,1,0.9989190555072016,0.998947131987534,0.9989892467080327,0.9989611750887915,0.9990173277866946,0.9989667874156509,3.39261494159638e-05,0.9997254946814594,0.9996339929086127,0.9996339845358466,0.9995653566363178,0.9996568605023562,0.9996431378529185,5.135813312527143e-05,1,0.9995996728755497,0.9996225487112326,0.9996511455009207,0.9996625833533496,0.9996511455009207,0.9996374191883947,2.3047662499343712e-05,0.9991997805112259,0.999176860637933,0.9990169406277863,0.999222483935146,0.9988799487976593,0.9990992029019502,0.00013128917441315515,1,0.9990797265473169,0.9990911689054015,0.9991140427088573,0.9990683691315828,0.999148308620946,0.9991003231828209,2.835458074596529e-05,0.9994625684653471,0.9994053744997141,0.9993253673317707,0.9993938908774859,0.9992682536415814,0.9993710909631799,6.742328315231969e-05,1,0.9993396320807307,0.9993567881717632,0.9993825219404819,0.9993653879137842,0.9993996638117345,0.9993687987836989,2.072467313329187e-05
32.659586381912234,2.2867695648533535,0.0656191349029541,0.015310070187453761,10,0.001,"{'C': 10, 'tol': 0.001}",0.9988956687755025,0.9989331037322652,0.9987833639052147,0.9943846513804399,0.9986897519887693,0.9979373079564384,0.0017783934392539568,5,0.9987365583850408,0.9988020701724831,0.998876940786703,0.9947871578779895,0.9989330987398398,0.9980271651924111,0.001621369666695777,0.9997254946814594,0.9996568683518243,0.9996568605023562,0.9943725122386421,0.9996568605023562,0.9986137192553276,0.002120770092044864,5,0.9996282676701533,0.9996625814236776,0.9996511455009207,0.9949044367429571,0.9996454265747063,0.9986983715824831,0.001896999747824943,0.9989257142857143,0.9990398244250377,0.9988571167340968,0.9987592481963145,0.998742972071125,0.9988649751424576,0.00010989650247360274,4,0.9988285513465945,0.9988742535501014,0.9989770025603512,0.9987197887364372,0.9990512225511825,0.9988901637489332,0.00011537572048077492,0.9993254444634996,0.9993482511405605,0.9992568286018089,0.9965610527763767,0.9991997073215347,0.9987382568607561,0.0010898580738444024,5,0.9992282494983623,0.9992682620079347,0.9993139603354735,0.9968084618734386,0.9993482362357784,0.9987934339901976,0.0009933170374766594
32.40407180786133,2.1717219183551926,0.07187023162841796,0.007654655631847258,10,0.0001,"{'C': 10, 'tol': 0.0001}",0.9988769512971213,0.9988956687755025,0.9986149065997829,0.998727187646233,0.9985025737014507,0.998723457604018,0.0001508667846514226,3,0.998717840731486,0.9988441848929818,0.9987271995582634,0.9987973963865739,0.99878803760359,0.998774931834579,4.692583005231144e-05,0.9996111174654009,0.999839871897518,0.9993137210047125,0.9995424806698083,0.9996568605023562,0.9995928103079592,0.0001708220829485115,3,0.9995081695328183,0.9999313724929514,0.999336604559128,0.9996625833533496,0.9996625833533496,0.9996202626583195,0.00019667139989429556,0.9990169406277863,0.9988117001828154,0.9989937797292353,0.9989026564857574,0.9985147609907686,0.9988479676032727,0.00018173932175591931,5,0.9989254625369373,0.9986577564541924,0.9991080515500463,0.9988685520323205,0.9988571363264933,0.998883391779998,0.0001442656078688726,0.9993139407244785,0.9993255215775936,0.9991537247546947,0.999222466154409,0.9990854843503509,0.9992202275123052,9.214375106593715e-05,3,0.9992167310814829,0.9992941586628451,0.9992223149853041,0.999265409955553,0.9992596975335638,0.9992516624437497,2.8778320915359273e-05
34.31917295455933,1.355525952095952,0.05937185287475586,0.011692794228894571,100,0.001,"{'C': 100, 'tol': 0.001}",0.9984838842511137,0.99885823381874,0.9981095346834874,0.9986710341600374,0.9983902667290594,0.9985025907284875,0.0002538955946569438,4,0.9983668847273306,0.9987739936921507,0.9983996406210518,0.9986289382928644,0.9987318849056869,0.998580268447817,0.00016795523116392187,0.9993137367036486,0.9995196156925541,0.9990163334400879,0.9992679690716932,0.999176465205655,0.9992588240227278,0.00016534569054920425,4,0.9993080059705931,0.9994795747382147,0.9990964096581226,0.9993308856329136,0.9993080099280559,0.9993045771855801,0.00012220764100867373,0.9988339125663069,0.9990853797960397,0.9986736490658373,0.9991079801468402,0.998856567874131,0.998911497889831,0.00016398112498243247,3,0.9986968747856702,0.9990225052447452,0.9989478740193499,0.9989938084920277,0.9991423033158554,0.9989606731715297,0.00014674063564605093,0.9990737670238191,0.9993024505711902,0.9988449618608694,0.9991879682049523,0.9990164909311315,0.9990851277183925,0.00015512904376066173,4,0.9990023469145648,0.9992509877242033,0.9990221363176285,0.9991623186334072,0.9992251497519622,0.9991325878683532,0.00010259863318238725
35.88133144378662,1.6343417554521316,0.07187228202819824,0.0187517166404456,100,0.0001,"{'C': 100, 'tol': 0.0001}",0.997304683113091,0.9987084939916895,0.9922696814285179,0.99859616284511,0.99859616284511,0.9970950368447037,0.0024673065862885137,6,0.9972812608211434,0.9987225201448746,0.9922274943613069,0.9986289382928644,0.9988629078674609,0.99714462429753,0.0025235799221659007,0.9980784627702162,0.9992908612604369,0.9918104039895685,0.9994052248707508,0.9996797364688658,0.9976529378719675,0.002972456523180719,6,0.9981127435561631,0.9993537576419589,0.9916103352434547,0.9995138912717748,0.9996511455009207,0.9976483746428544,0.0030683263468113684,0.998626719461674,0.9991308723297196,0.9987330400129,0.9988796671010814,0.9986060647608601,0.9987952727332472,0.00019382067595036262,6,0.998563892480747,0.9990852124594063,0.9988823919117436,0.9988112995125185,0.9989598751850222,0.9988605343098875,0.00017392358964236432,0.9983525158455941,0.9992108603909099,0.9952596843615494,0.9991423768739064,0.9991426121749072,0.9982216099293734,0.001514253136454006,6,0.9983382670499235,0.9992194670074709,0.9952330797289657,0.999162471879922,0.999305390796285,0.9982517352925134,0.0015489289771184133
23.919654655456544,3.4690237049968693,0.05937337875366211,0.0062514549014028925,1,0.001,"{'C': 1, 'tol': 0.001}",0.9990641260809344,0.9989518212106465,0.9991202785160783,0.9987646233036968,0.9987084698175012,0.9989218637857714,0.00016171949049521048,2,0.9989939261214215,0.9989190555072016,0.9989330937473678,0.9989518163058075,0.9989097017823803,0.9989415186928357,2.9800904717096035e-05,0.9996568683518243,0.9995882420221892,0.9996797364688658,0.9994967287367891,0.9994738527702796,0.9995790856699897,8.260895268794393e-05,2,0.9996111107933912,0.9995653591220254,0.9996111130174199,0.9995196101979892,0.9996625833533496,0.999593955296835,4.825648871366572e-05,0.9991997256202126,0.9991311306733738,0.9992454210779046,0.9989939637826962,0.9989482589112193,0.9991037000130814,0.0001151192381584167,1,0.9991596926876115,0.9991139616774135,0.9990854529865676,0.9991996066638462,0.999005560857961,0.99911285497468,6.630799069766982e-05,0.9994282447112637,0.9993596340766153,0.9994625315905634,0.9992452830188681,0.999210986723994,0.9993413360242609,9.87860555068059e-05,2,0.9993853507645951,0.9993396094261463,0.999348213877327,0.9993595828139473,0.9993339641141009,0.9993533441992233,1.8187316647391993e-05
24.331232261657714,2.7482272694414296,0.07499680519104004,0.011693992033513734,1,0.0001,"{'C': 1, 'tol': 0.0001}",0.9990454086025531,0.9990266911241718,0.9991202785160783,0.9988582124473561,0.9987084698175012,0.998951812101532,0.00014881160460405302,1,0.9990126437749763,0.9989986055348101,0.9989377731607566,0.9989658544802834,0.9989097017823803,0.9989649157466414,3.7945090734874946e-05,0.9996568683518243,0.9996339929086127,0.9996797364688658,0.9996568605023562,0.9994738527702796,0.9996202622003878,7.462022274683014e-05,1,0.9996454245469155,0.9996282676701533,0.9996111130174199,0.999571080533919,0.9996625833533496,0.9996236938243515,3.140692556571949e-05,0.9991768794585696,0.999176860637933,0.9992454210779046,0.9989484512515716,0.9989482589112193,0.9990991742674395,0.00012566166536824921,2,0.9991482988842144,0.9991482842786997,0.999091163710567,0.999165375666699,0.999005560857961,0.9991117366796283,5.873025608454529e-05,0.9994168162742564,0.9994053744997141,0.9994625315905634,0.9993025303284968,0.999210986723994,0.999359647883405,9.089198088543357e-05,1,0.9993967998947973,0.999388218343158,0.9993510707332901,0.9993681869251859,0.9993339641141009,0.9993676480021065,2.3163213805970173e-05
32.37609567642212,2.0224864793177315,0.07499818801879883,0.011692003927960049,10,0.001,"{'C': 10, 'tol': 0.001}",0.9988769512971213,0.9986897765133081,0.9990266911241718,0.9985400093589144,0.99859616284511,0.9987459182277251,0.00018109672201848355,3,0.9987459172118184,0.9986944436645422,0.9987365583850408,0.998792716995082,0.9987365642971788,0.9987412401107324,3.1322305345493196e-05,0.9994967402493423,0.9994738648061307,0.9996797364688658,0.9994281008372604,0.9992908450382029,0.9994738574799603,0.00012529724933148562,3,0.9994624178614525,0.9994852936971353,0.9996053940912054,0.9994738587882739,0.9994910155669171,0.9995035960009968,5.183827507787682e-05,0.9991310511993781,0.9989254441116624,0.9991311902693311,0.9987883498696905,0.9989937567178173,0.9989939584335759,0.0001300739310696566,3,0.9990053562139513,0.998919728388852,0.9988513629350249,0.9990510598403951,0.9989654186910546,0.9989585852138555,6.898151830920434e-05,0.9993138622692863,0.9991995792073547,0.9994053880986141,0.9991081229418222,0.999142278793701,0.9992338462621557,0.00011062942524688745,3,0.9992338347713225,0.9992024310131413,0.9992282362626055,0.9992624145916121,0.9992281480126239,0.999231012930261,1.9114762594185926e-05
31.301633262634276,2.7302505624821034,0.07187223434448242,0.015933024132632718,10,0.0001,"{'C': 10, 'tol': 0.0001}",0.998745928948452,0.9987272114700707,0.9988769512971213,0.9984838558727188,0.9986335985025737,0.9986935092181873,0.0001304442297214578,4,0.9986382907038773,0.998769314278762,0.998717840731486,0.9987365642971788,0.9987599612546384,0.9987243942531885,4.666411921611131e-05,0.9994967402493423,0.9994738648061307,0.9996797364688658,0.999336596971222,0.9993823489042412,0.9994738574799603,0.0001184263872202807,3,0.9994681368203732,0.9994910126560561,0.999599675164991,0.9994109505999154,0.9995596426814901,0.999505883584565,6.685078213032006e-05,0.9989711463715762,0.998971122847932,0.9989484752891693,0.9988110752909436,0.9989481627146548,0.9989299965028552,6.0329792627606404e-05,4,0.9988683256935792,0.999005384641767,0.9988342324220536,0.9990452887572747,0.9989255239499568,0.9989357510929263,7.97548123955592e-05,0.999233874195282,0.9992224305904953,0.999313972101532,0.999073767023819,0.9991652086406623,0.9992018505103581,7.97098656889528e-05,4,0.9991681412387549,0.999248139645911,0.9992168072030871,0.9992280862256275,0.9992424827128839,0.9992207314052528,2.8494032348193563e-05
32.29202046394348,1.521149387198281,0.07187304496765137,0.00765568725553334,100,0.001,"{'C': 100, 'tol': 0.001}",0.9990079736457904,0.9859993261707782,0.9989518212106465,0.9967430978006552,0.9988582124473561,0.9959120862550452,0.005029066703766682,6,0.9989564908143115,0.9868836042713686,0.9987271995582634,0.9976088309476235,0.9989471369143157,0.9962246525011764,0.004696993415474175,0.9996568683518243,0.9998856227839414,0.9995653566363178,0.9974836436839456,0.9995653566363178,0.9992313696184695,0.0008816730658250286,5,0.9995996728755497,0.9998913397805064,0.999405231673701,0.9981699436113876,0.9996568644271352,0.999344610473656,0.0006074519672367133,0.9991311902693311,0.9832857174993813,0.9991539376200493,0.9985343958963085,0.9990397146580698,0.9958289911886279,0.006275690594880063,6,0.9991254144278038,0.9843262658904866,0.9990395719234859,0.998906878652084,0.9990569434680475,0.9960910148723816,0.005882800510182083,0.9993939601843276,0.991516196352418,0.999359604784667,0.9980087432194273,0.9993024665241107,0.9975161942129901,0.0030449142910423843,6,0.9993624873855407,0.9920477531994814,0.9992223683458175,0.9985382751646943,0.9993568139134015,0.9977055396017871,0.0028452398050374
32.24978075027466,2.3670363192607704,0.06562185287475586,0.011692309956139964,100,0.0001,"{'C': 100, 'tol': 0.0001}",0.9945906487478007,0.993710927263879,0.9983902968592071,0.9984838558727188,0.9987646233036968,0.9967880704094604,0.00217472072574437,5,0.9947263011108928,0.9938278537402552,0.9979878522428428,0.9987599612546384,0.9989003429993963,0.9968404622696051,0.002134927459250798,0.9942353883106485,0.9991764840443783,0.9990392094065974,0.9993823489042412,0.9994509768037699,0.998256881493927,0.00201606814059264,6,0.9945097994361106,0.9990563717780815,0.998633176634755,0.9994166695261297,0.9996111130174199,0.9982454260784994,0.0018973561532631203,0.9991494252873563,0.9931785624957365,0.9989935035227376,0.9987654603232665,0.999039604866002,0.9978253112990199,0.0023267408287595682,5,0.9990405827741521,0.9934374395778124,0.998907385161032,0.9990681401105654,0.999045479746452,0.9978998054740028,0.00223189938963551,0.9966863498251447,0.9961684949939563,0.9990163559418964,0.9990738093876851,0.9992452484962148,0.9980380517289793,0.001327368638901996,5,0.9967700425024576,0.9962389828430325,0.9987702620771702,0.9992423744271349,0.9993282163429242,0.9980699756385437,0.0013031078590264973
22.582070970535277,1.0714947775425627,0.06874761581420899,0.012499642493438674,1,0.001,"{'C': 1, 'tol': 0.001}",0.998802081383596,0.99885823381874,0.9987272114700707,0.9989518015910155,0.9989705194197473,0.9988619695366339,9.12284583720205e-05,2,0.998876940786703,0.9989050172670354,0.9989050172670354,0.9987833582120981,0.9989003429993963,0.9988741353064536,4.656733990082494e-05,0.9995653665789774,0.9995653665789774,0.9996568605023562,0.9996797364688658,0.9996339845358466,0.9996202629330048,4.709986264477719e-05,1,0.999633986629074,0.999633986629074,0.9996111130174199,0.999599675164991,0.9996111130174199,0.9996179748915957,1.3724446089818968e-05,0.9989712169360554,0.9990397366134711,0.9987886268056317,0.9990398244250377,0.9991083064682077,0.9989895422496808,0.00010941256207048684,2,0.9989941075276192,0.9990283659973823,0.9990511900134891,0.9989141492073289,0.999045479746452,0.9990066584984543,5.035247054619224e-05,0.9992682034394438,0.9993024824763015,0.9992225550499624,0.9993596780095134,0.9993710763741982,0.9993047990698839,5.570110352231386e-05,2,0.9993139446467673,0.9993310845577725,0.9993310730845535,0.9992567946123326,0.9993282163429242,0.9993122226488701,2.843287285362187e-05
22.39174118041992,1.2983739326547161,0.07230238914489746,0.008047205071209776,1,0.0001,"{'C': 1, 'tol': 0.0001}",0.9988207988619773,0.9989143862538838,0.9986897765133081,0.9990266729059429,0.9989518015910155,0.9988806872252256,0.00011622238382179473,1,0.9988862996134804,0.9989330937473678,0.9988675819599255,0.9988254727355255,0.9989050223908883,0.9988834940894374,3.6197066651065823e-05,0.9995424911357658,0.9995653665789774,0.9996568605023562,0.9996797364688658,0.9996339845358466,0.9996156878443625,5.295690868176737e-05,2,0.999633986629074,0.999633986629074,0.9996111130174199,0.999599675164991,0.9996168319436343,0.9996191186768385,1.3337780113571407e-05,0.9990168731995062,0.9991082656910941,0.998742972071125,0.9991311902693311,0.999085463441401,0.9990169529344914,0.00014223037481168847,1,0.999005526756474,0.999062626816875,0.9990055097048536,0.9989655310369265,0.9990454852021629,0.9990169359034583,3.407611767200861e-05,0.999279613049295,0.9993367638650658,0.9991997073215347,0.9994053880986141,0.9993596487215843,0.9993162242112188,7.09567855178666e-05,1,0.9993196578851079,0.9993482250567445,0.9993082196088297,0.99928250249409,0.9993310769090036,0.9993179363907551,2.210437483359591e-05
31.322040128707886,4.193558740594036,0.07187199592590332,0.007653954794550098,10,0.001,"{'C': 10, 'tol': 0.001}",0.9987272114700707,0.9986336240781641,0.9984651667727323,0.9986897519887693,0.9987459054749649,0.9986523319569403,0.0001011375246405931,3,0.998750596625207,0.9986523289440435,0.9986663671842098,0.9985447092460097,0.9987693200376223,0.9986766644074185,8.020155963758822e-05,0.9995424911357658,0.9996111174654009,0.9996339845358466,0.9995196047032987,0.9995653566363178,0.999574510895326,4.2428552350144905e-05,3,0.9996282676701533,0.999633986629074,0.9996111130174199,0.9994910155669171,0.9994795777144884,0.9995687921196105,6.868351446761623e-05,0.9989026815719086,0.9987201170178727,0.9984919111598575,0.998879795162544,0.9989026815719086,0.9987794372968182,0.0001591478424785656,4,0.9988456747088471,0.9987201243307793,0.9987600495980161,0.9987313633272569,0.9990168001417637,0.9988148024213327,0.00011016358028666847,0.999222483935146,0.9991654186054488,0.9990626214591097,0.9991995975118916,0.9992339092353957,0.9991768061493984,6.17000622350329e-05,3,0.9992368179596457,0.9991768465218908,0.9991854000828893,0.9991110450508648,0.9992481353470727,0.9991916489924726,4.896141595279594e-05
29.955442190170288,2.952409589779878,0.06874799728393555,0.01249861730458733,10,0.0001,"{'C': 10, 'tol': 0.0001}",0.9986897765133081,0.9986710590349268,0.9984838842511137,0.9988020589611605,0.9946279831539542,0.9978549523828928,0.0016167162995526672,4,0.9987365583850408,0.9987271995582634,0.9986570083574323,0.9985587474204854,0.9949509365802071,0.9979260900602858,0.001488937235461867,0.9994281139197072,0.9995653665789774,0.9996339845358466,0.9995882326028275,0.9944640161046804,0.9985359427484077,0.0020371194917537887,4,0.9995081695328183,0.9996282676701533,0.9996111130174199,0.9994738587882739,0.9948815610380994,0.998620594009353,0.0018704412722636019,0.9989710757974163,0.9988113742342507,0.998514727052533,0.9989483791321841,0.9989659213640646,0.9988422955160898,0.00017399923490476856,3,0.9989483009916835,0.9988171360979206,0.9987486357844454,0.9987655873175527,0.9989434213624122,0.9988446163108028,8.570409160232176e-05,0.999199542595769,0.9991882281650527,0.9990740423196954,0.9992682034394438,0.9967098852472172,0.9986879803534355,0.0009910102644658688,4,0.9992281568385304,0.9992225372724778,0.9991796882815471,0.9991195975302996,0.9969083537485136,0.9987316667342737,0.0009124845381999076
34.61711196899414,7.474173131610059,0.06562190055847168,0.0062489274845752155,100,0.001,"{'C': 100, 'tol': 0.001}",0.9984651667727323,0.9987084939916895,0.9946280837045633,0.9976977070659804,0.9979223210107627,0.9974843545091456,0.001473507858701851,5,0.9986195730503225,0.9987271995582634,0.9948526452723887,0.9978989532201232,0.9977070981689541,0.9975610938540104,0.001410768631141031,0.9992222349308018,0.9994281139197072,0.9949901633344008,0.9983758063778194,0.9999084961339617,0.9983849629393381,0.0017683376346702404,5,0.9994109472311661,0.9994852936971353,0.9949330313740292,0.9987647119376866,0.9997769618776379,0.9984741892235312,0.0018011810998468875,0.9989023302613826,0.9989939177756436,0.9984390423065446,0.9988099324865545,0.9975580254239222,0.9985406496508095,0.0005262418695536107,6,0.9989025184914202,0.9989596968259321,0.9987714282433721,0.9986676197283774,0.9974268271809209,0.9985456180940044,0.0005685783709315251,0.9990622569873291,0.999210968678887,0.9967116193269704,0.9985928222494251,0.9987318778489908,0.9984619090183205,0.0009027783234259651,5,0.9991566681818052,0.9992224261447774,0.9968485348552046,0.9987161634732782,0.9986005118128228,0.9985088608935776,0.0008645098558893185
32.30784525871277,2.9418729003976307,0.0593717098236084,0.006250501429061739,100,0.0001,"{'C': 100, 'tol': 0.0001}",0.9986336240781641,0.9988395163403586,0.9974544229401415,0.9975292466073935,0.9930182498830136,0.9970950119698141,0.0021141593032337883,6,0.998750596625207,0.9987880319323169,0.9978615080813469,0.9974544110283898,0.9922322101233956,0.9970173515581312,0.0024470654759006045,0.9993137367036486,0.9995653665789774,0.9981927986457427,0.9989705815070686,0.9926339387839136,0.9977352844438702,0.0025922853924388095,6,0.9994509799436111,0.9996053918344705,0.998438733143465,0.9991879124775532,0.9919077194066043,0.9977181473611407,0.002932743658861249,0.9990166483717526,0.9990168956766272,0.9986954133479813,0.9980117012523997,0.9988260479248671,0.9987133413147257,0.0003713390339013061,5,0.9990224773054672,0.9989141492073289,0.9989471817084266,0.9977044050297513,0.998589424715582,0.9986355275933112,0.0004885904368096086,0.9991651704538956,0.9992910558693713,0.998444042743061,0.9984909111695439,0.9957203666945856,0.9982223093860914,0.001297091814017037,6,0.9992366826858478,0.9992596509783185,0.9986928927113752,0.9984456076988136,0.9952373574793573,0.9981744383107426,0.0015016538388698624
